INSERT INTO brands (id, name, domain, created_at) VALUES ('32l2fvg2lsaf4530wtbklk', 'Acme', 'acme.com', 1779834909268);
INSERT INTO brand_terms (id, brand_id, term, match_type, country, language, monitor_paid, created_at) VALUES ('wcu5e8d1hmcxy8uvp6z2e', '32l2fvg2lsaf4530wtbklk', 'acme', 'exact', 'US', 'en', 1, 1779834909268);
INSERT INTO brand_terms (id, brand_id, term, match_type, country, language, monitor_paid, created_at) VALUES ('5vgmm5i7iq3s6ws9sitnfr', '32l2fvg2lsaf4530wtbklk', 'acme shoes', 'exact', 'US', 'en', 1, 1779834909268);
INSERT INTO brand_terms (id, brand_id, term, match_type, country, language, monitor_paid, created_at) VALUES ('0cyvc0zy1vwqgppcvii360e', '32l2fvg2lsaf4530wtbklk', 'acme support', 'exact', 'US', 'en', 1, 1779834909268);
INSERT INTO brand_terms (id, brand_id, term, match_type, country, language, monitor_paid, created_at) VALUES ('50nhbzxa7dsc6r24zuh5xi', '32l2fvg2lsaf4530wtbklk', 'buy acme', 'exact', 'GB', 'en', 1, 1779834909268);
INSERT INTO connections (id, type, display_name, config_json, status, created_at) VALUES ('5ov9c1y3whvfxdsxy7rsce', 'google_ads', 'Demo Google Ads', '{"customerId":"1234567890"}', 'active', 1779834909268);
INSERT INTO ads_accounts (id, connection_id, customer_id, descriptive_name, currency, time_zone) VALUES ('am9ikxb7bekih4erufmjk', '4x7k7tjiqul56wap2jkced', '1234567890', 'Acme USA', 'USD', 'America/Los_Angeles');
INSERT INTO gsc_properties (id, connection_id, site_url) VALUES ('iksfox5d3nidy68ldoy89v', 'pztizmxw7tivsb4wjn0yc', 'sc-domain:acme.com');
INSERT INTO gsc_query_daily (id, property_id, date, query, page, country, device, clicks, impressions, ctr, position) VALUES ('iltjxyzp27rqtcf0d6cak', 'iksfox5d3nidy68ldoy89v', '2026-05-26', 'acme', 'https://acme.com/acme', 'us', 'desktop', 607, 1534, 0.3956975228161669, 1.000708973675877);
INSERT INTO ads_keyword_daily (id, account_id, campaign_id, campaign_name, ad_group_id, ad_group_name, keyword, match_type, date, country, clicks, impressions, cost_micros, conversions, conversions_value) VALUES ('l11on4wcdn7bpzt42d6st', 'am9ikxb7bekih4erufmjk', 'c1', 'Brand', 'ag1', 'Core', 'acme', 'exact', '2026-05-26', 'US', 30, 439, 15000000, 1.2, 60);
INSERT INTO gsc_query_daily (id, property_id, date, query, page, country, device, clicks, impressions, ctr, position) VALUES ('vwwqvmoqjiktu6kjh7zh4d', 'iksfox5d3nidy68ldoy89v', '2026-05-26', 'acme shoes', 'https://acme.com/acme-shoes', 'us', 'desktop', 258, 735, 0.3510204081632653, 1.8205534808291908);
INSERT INTO ads_keyword_daily (id, account_id, campaign_id, campaign_name, ad_group_id, ad_group_name, keyword, match_type, date, country, clicks, impressions, cost_micros, conversions, conversions_value) VALUES ('wgsr4myeie80u78giykdf', 'am9ikxb7bekih4erufmjk', 'c1', 'Brand', 'ag1', 'Core', 'acme shoes', 'exact', '2026-05-26', 'US', 26, 264, 23400000, 1.04, 52);
INSERT INTO gsc_query_daily (id, property_id, date, query, page, country, device, clicks, impressions, ctr, position) VALUES ('osvvhh5a8z9yexja7zxkz', 'iksfox5d3nidy68ldoy89v', '2026-05-26', 'acme support', 'https://acme.com/acme-support', 'us', 'desktop', 876, 1432, 0.611731843575419, 1.0945809350214346);
INSERT INTO ads_keyword_daily (id, account_id, campaign_id, campaign_name, ad_group_id, ad_group_name, keyword, match_type, date, country, clicks, impressions, cost_micros, conversions, conversions_value) VALUES ('d2vi0qda04ky0rmce16z8', 'am9ikxb7bekih4erufmjk', 'c1', 'Brand', 'ag1', 'Core', 'acme support', 'exact', '2026-05-26', 'US', 8, 82, 1600000, 0.32, 16);
INSERT INTO gsc_query_daily (id, property_id, date, query, page, country, device, clicks, impressions, ctr, position) VALUES ('b3pcbetepyvltge2u44c', 'iksfox5d3nidy68ldoy89v', '2026-05-26', 'buy acme', 'https://acme.com/buy-acme', 'gb', 'desktop', 99, 1177, 0.08411214953271028, 4.699327054925962);
INSERT INTO ads_keyword_daily (id, account_id, campaign_id, campaign_name, ad_group_id, ad_group_name, keyword, match_type, date, country, clicks, impressions, cost_micros, conversions, conversions_value) VALUES ('u39q15y8y7diqdsvtuw2v', 'am9ikxb7bekih4erufmjk', 'c1', 'Brand', 'ag1', 'Core', 'buy acme', 'exact', '2026-05-26', 'GB', 59, 643, 82600000, 2.36, 118);
INSERT INTO gsc_query_daily (id, property_id, date, query, page, country, device, clicks, impressions, ctr, position) VALUES ('h519drpeduol3q10atvag', 'iksfox5d3nidy68ldoy89v', '2026-05-26', 'cheap acme', 'https://acme.com/cheap-acme', 'us', 'desktop', 58, 1424, 0.04073033707865169, 7.14140623613219);
INSERT INTO ads_keyword_daily (id, account_id, campaign_id, campaign_name, ad_group_id, ad_group_name, keyword, match_type, date, country, clicks, impressions, cost_micros, conversions, conversions_value) VALUES ('lhdm78x4ckt1xudo1s1cm', 'am9ikxb7bekih4erufmjk', 'c1', 'Brand', 'ag1', 'Core', 'cheap acme', 'exact', '2026-05-26', 'US', 39, 468, 31200000, 1.56, 78);
INSERT INTO gsc_query_daily (id, property_id, date, query, page, country, device, clicks, impressions, ctr, position) VALUES ('tx7evzzq7dsu2hgayxn1', 'iksfox5d3nidy68ldoy89v', '2026-05-26', 'best acme alternative', 'https://acme.com/best-acme-alternative', 'us', 'desktop', 51, 427, 0.11943793911007025, 3.0299453874924427);
INSERT INTO ads_keyword_daily (id, account_id, campaign_id, campaign_name, ad_group_id, ad_group_name, keyword, match_type, date, country, clicks, impressions, cost_micros, conversions, conversions_value) VALUES ('1izzmd9eep7bj3wk4hn8n', 'am9ikxb7bekih4erufmjk', 'c1', 'Brand', 'ag1', 'Core', 'best acme alternative', 'exact', '2026-05-26', 'US', 39, 440, 42900000, 1.56, 78);
INSERT INTO gsc_query_daily (id, property_id, date, query, page, country, device, clicks, impressions, ctr, position) VALUES ('r72gbpowoecv55rxbyygmd', 'iksfox5d3nidy68ldoy89v', '2026-05-25', 'acme', 'https://acme.com/acme', 'us', 'desktop', 275, 684, 0.402046783625731, 1.2314463869115178);
INSERT INTO ads_keyword_daily (id, account_id, campaign_id, campaign_name, ad_group_id, ad_group_name, keyword, match_type, date, country, clicks, impressions, cost_micros, conversions, conversions_value) VALUES ('651u6td1boxnpqx2vgkqvm', 'am9ikxb7bekih4erufmjk', 'c1', 'Brand', 'ag1', 'Core', 'acme', 'exact', '2026-05-25', 'US', 20, 296, 10000000, 0.8, 40);
INSERT INTO gsc_query_daily (id, property_id, date, query, page, country, device, clicks, impressions, ctr, position) VALUES ('376u848f1vo4pyw7tvqlk5', 'iksfox5d3nidy68ldoy89v', '2026-05-25', 'acme shoes', 'https://acme.com/acme-shoes', 'us', 'desktop', 491, 1375, 0.35709090909090907, 1.8720986175283068);
INSERT INTO ads_keyword_daily (id, account_id, campaign_id, campaign_name, ad_group_id, ad_group_name, keyword, match_type, date, country, clicks, impressions, cost_micros, conversions, conversions_value) VALUES ('26frl1f7mxoifr8skphqop', 'am9ikxb7bekih4erufmjk', 'c1', 'Brand', 'ag1', 'Core', 'acme shoes', 'exact', '2026-05-25', 'US', 44, 624, 39600000, 1.76, 88);
INSERT INTO gsc_query_daily (id, property_id, date, query, page, country, device, clicks, impressions, ctr, position) VALUES ('a7p3tkazs4ecv5v1it4r8', 'iksfox5d3nidy68ldoy89v', '2026-05-25', 'acme support', 'https://acme.com/acme-support', 'us', 'desktop', 749, 1659, 0.45147679324894513, 0.8144459297664768);
INSERT INTO ads_keyword_daily (id, account_id, campaign_id, campaign_name, ad_group_id, ad_group_name, keyword, match_type, date, country, clicks, impressions, cost_micros, conversions, conversions_value) VALUES ('hgmorf416l6polf1v1acg', 'am9ikxb7bekih4erufmjk', 'c1', 'Brand', 'ag1', 'Core', 'acme support', 'exact', '2026-05-25', 'US', 27, 340, 5400000, 1.08, 54);
INSERT INTO gsc_query_daily (id, property_id, date, query, page, country, device, clicks, impressions, ctr, position) VALUES ('hjxm2kwzehapq8pkpse78', 'iksfox5d3nidy68ldoy89v', '2026-05-25', 'buy acme', 'https://acme.com/buy-acme', 'gb', 'desktop', 114, 1521, 0.07495069033530571, 4.5298368282575225);
INSERT INTO ads_keyword_daily (id, account_id, campaign_id, campaign_name, ad_group_id, ad_group_name, keyword, match_type, date, country, clicks, impressions, cost_micros, conversions, conversions_value) VALUES ('yfosslj6jxodcu8wj8nw8', 'am9ikxb7bekih4erufmjk', 'c1', 'Brand', 'ag1', 'Core', 'buy acme', 'exact', '2026-05-25', 'GB', 51, 590, 71400000, 2.04, 102);
INSERT INTO gsc_query_daily (id, property_id, date, query, page, country, device, clicks, impressions, ctr, position) VALUES ('476ribneiqiedfmbnh1ef6', 'iksfox5d3nidy68ldoy89v', '2026-05-25', 'cheap acme', 'https://acme.com/cheap-acme', 'us', 'desktop', 14, 330, 0.04242424242424243, 7.293314921914318);
INSERT INTO ads_keyword_daily (id, account_id, campaign_id, campaign_name, ad_group_id, ad_group_name, keyword, match_type, date, country, clicks, impressions, cost_micros, conversions, conversions_value) VALUES ('pjs7cu51g2bt4kt3kyvhpl', 'am9ikxb7bekih4erufmjk', 'c1', 'Brand', 'ag1', 'Core', 'cheap acme', 'exact', '2026-05-25', 'US', 31, 356, 24800000, 1.24, 62);
INSERT INTO gsc_query_daily (id, property_id, date, query, page, country, device, clicks, impressions, ctr, position) VALUES ('0nlzp5rawjem832ktr6z5l3', 'iksfox5d3nidy68ldoy89v', '2026-05-25', 'best acme alternative', 'https://acme.com/best-acme-alternative', 'us', 'desktop', 52, 366, 0.14207650273224043, 2.922273025584749);
INSERT INTO ads_keyword_daily (id, account_id, campaign_id, campaign_name, ad_group_id, ad_group_name, keyword, match_type, date, country, clicks, impressions, cost_micros, conversions, conversions_value) VALUES ('mim8jrje76b83rcdicqnh', 'am9ikxb7bekih4erufmjk', 'c1', 'Brand', 'ag1', 'Core', 'best acme alternative', 'exact', '2026-05-25', 'US', 18, 209, 19800000, 0.72, 36);
INSERT INTO gsc_query_daily (id, property_id, date, query, page, country, device, clicks, impressions, ctr, position) VALUES ('d23blkyr0iumlgo8pfcv8', 'iksfox5d3nidy68ldoy89v', '2026-05-24', 'acme', 'https://acme.com/acme', 'us', 'desktop', 369, 914, 0.4037199124726477, 1.1768069722166787);
INSERT INTO ads_keyword_daily (id, account_id, campaign_id, campaign_name, ad_group_id, ad_group_name, keyword, match_type, date, country, clicks, impressions, cost_micros, conversions, conversions_value) VALUES ('cic9aziu8u61kd7k0bxd9', 'am9ikxb7bekih4erufmjk', 'c1', 'Brand', 'ag1', 'Core', 'acme', 'exact', '2026-05-24', 'US', 55, 678, 27500000, 2.2, 110.00000000000001);
INSERT INTO gsc_query_daily (id, property_id, date, query, page, country, device, clicks, impressions, ctr, position) VALUES ('cvla1alarr9fhp3xze0kl', 'iksfox5d3nidy68ldoy89v', '2026-05-24', 'acme shoes', 'https://acme.com/acme-shoes', 'us', 'desktop', 439, 1542, 0.2846952010376135, 1.8895769897455135);
INSERT INTO ads_keyword_daily (id, account_id, campaign_id, campaign_name, ad_group_id, ad_group_name, keyword, match_type, date, country, clicks, impressions, cost_micros, conversions, conversions_value) VALUES ('63x009wlljxmic1vgiyvi', 'am9ikxb7bekih4erufmjk', 'c1', 'Brand', 'ag1', 'Core', 'acme shoes', 'exact', '2026-05-24', 'US', 49, 648, 44100000, 1.96, 98);
INSERT INTO gsc_query_daily (id, property_id, date, query, page, country, device, clicks, impressions, ctr, position) VALUES ('agkqw7fcztq64q87yl74kv', 'iksfox5d3nidy68ldoy89v', '2026-05-24', 'acme support', 'https://acme.com/acme-support', 'us', 'desktop', 925, 1679, 0.55092316855271, 1.0646035091281896);
INSERT INTO ads_keyword_daily (id, account_id, campaign_id, campaign_name, ad_group_id, ad_group_name, keyword, match_type, date, country, clicks, impressions, cost_micros, conversions, conversions_value) VALUES ('cyx2o2js03b9507rxn57ro', 'am9ikxb7bekih4erufmjk', 'c1', 'Brand', 'ag1', 'Core', 'acme support', 'exact', '2026-05-24', 'US', 40, 546, 8000000, 1.6, 80);
INSERT INTO gsc_query_daily (id, property_id, date, query, page, country, device, clicks, impressions, ctr, position) VALUES ('1qntk7di8bxdfsptrj2az', 'iksfox5d3nidy68ldoy89v', '2026-05-24', 'buy acme', 'https://acme.com/buy-acme', 'gb', 'desktop', 95, 1236, 0.07686084142394822, 4.682766945480152);
INSERT INTO ads_keyword_daily (id, account_id, campaign_id, campaign_name, ad_group_id, ad_group_name, keyword, match_type, date, country, clicks, impressions, cost_micros, conversions, conversions_value) VALUES ('sjfpkb95k17z5c1kj4wdc', 'am9ikxb7bekih4erufmjk', 'c1', 'Brand', 'ag1', 'Core', 'buy acme', 'exact', '2026-05-24', 'GB', 44, 475, 61600000, 1.76, 88);
INSERT INTO gsc_query_daily (id, property_id, date, query, page, country, device, clicks, impressions, ctr, position) VALUES ('70raw0p3g6lf5pqnrkhav5', 'iksfox5d3nidy68ldoy89v', '2026-05-24', 'cheap acme', 'https://acme.com/cheap-acme', 'us', 'desktop', 44, 1083, 0.040627885503231764, 7.173337564763877);
INSERT INTO ads_keyword_daily (id, account_id, campaign_id, campaign_name, ad_group_id, ad_group_name, keyword, match_type, date, country, clicks, impressions, cost_micros, conversions, conversions_value) VALUES ('gv5ve9jse108ew6x1eai8', 'am9ikxb7bekih4erufmjk', 'c1', 'Brand', 'ag1', 'Core', 'cheap acme', 'exact', '2026-05-24', 'US', 6, 98, 4800000, 0.24, 12);
INSERT INTO gsc_query_daily (id, property_id, date, query, page, country, device, clicks, impressions, ctr, position) VALUES ('3tkjt8jhk52e30433lklyk', 'iksfox5d3nidy68ldoy89v', '2026-05-24', 'best acme alternative', 'https://acme.com/best-acme-alternative', 'us', 'desktop', 39, 317, 0.12302839116719243, 3.014572058311015);
INSERT INTO ads_keyword_daily (id, account_id, campaign_id, campaign_name, ad_group_id, ad_group_name, keyword, match_type, date, country, clicks, impressions, cost_micros, conversions, conversions_value) VALUES ('fdk6uglrn4w7lcfj09hr0g', 'am9ikxb7bekih4erufmjk', 'c1', 'Brand', 'ag1', 'Core', 'best acme alternative', 'exact', '2026-05-24', 'US', 36, 448, 39600000, 1.44, 72);
INSERT INTO gsc_query_daily (id, property_id, date, query, page, country, device, clicks, impressions, ctr, position) VALUES ('x433af5i57hbdc158h602j', 'iksfox5d3nidy68ldoy89v', '2026-05-23', 'acme', 'https://acme.com/acme', 'us', 'desktop', 581, 1273, 0.45640219952867245, 1.3417427720655404);
INSERT INTO ads_keyword_daily (id, account_id, campaign_id, campaign_name, ad_group_id, ad_group_name, keyword, match_type, date, country, clicks, impressions, cost_micros, conversions, conversions_value) VALUES ('kewzuhxzqyf8j5n135ch3s', 'am9ikxb7bekih4erufmjk', 'c1', 'Brand', 'ag1', 'Core', 'acme', 'exact', '2026-05-23', 'US', 37, 384, 18500000, 1.48, 74);
INSERT INTO gsc_query_daily (id, property_id, date, query, page, country, device, clicks, impressions, ctr, position) VALUES ('1z3j7li1wejcqfvzat6wf8', 'iksfox5d3nidy68ldoy89v', '2026-05-23', 'acme shoes', 'https://acme.com/acme-shoes', 'us', 'desktop', 257, 1027, 0.25024342745861733, 1.6839937391258017);
INSERT INTO ads_keyword_daily (id, account_id, campaign_id, campaign_name, ad_group_id, ad_group_name, keyword, match_type, date, country, clicks, impressions, cost_micros, conversions, conversions_value) VALUES ('0xnzmu7o86hdw4vzp553uf', 'am9ikxb7bekih4erufmjk', 'c1', 'Brand', 'ag1', 'Core', 'acme shoes', 'exact', '2026-05-23', 'US', 53, 591, 47700000, 2.12, 106);
INSERT INTO gsc_query_daily (id, property_id, date, query, page, country, device, clicks, impressions, ctr, position) VALUES ('par1il8u3dg9cyoms5szn', 'iksfox5d3nidy68ldoy89v', '2026-05-23', 'acme support', 'https://acme.com/acme-support', 'us', 'desktop', 180, 314, 0.5732484076433121, 1.093423332765305);
INSERT INTO ads_keyword_daily (id, account_id, campaign_id, campaign_name, ad_group_id, ad_group_name, keyword, match_type, date, country, clicks, impressions, cost_micros, conversions, conversions_value) VALUES ('w2g5rld1t6jfxig80lgm8', 'am9ikxb7bekih4erufmjk', 'c1', 'Brand', 'ag1', 'Core', 'acme support', 'exact', '2026-05-23', 'US', 29, 304, 5800000, 1.16, 57.99999999999999);
INSERT INTO gsc_query_daily (id, property_id, date, query, page, country, device, clicks, impressions, ctr, position) VALUES ('tmqgw2jwkzabg9mkfp74eg', 'iksfox5d3nidy68ldoy89v', '2026-05-23', 'buy acme', 'https://acme.com/buy-acme', 'gb', 'desktop', 118, 1659, 0.07112718505123568, 4.681723616938843);
INSERT INTO ads_keyword_daily (id, account_id, campaign_id, campaign_name, ad_group_id, ad_group_name, keyword, match_type, date, country, clicks, impressions, cost_micros, conversions, conversions_value) VALUES ('z5s95ngqx5i3rx4ulvqsqh', 'am9ikxb7bekih4erufmjk', 'c1', 'Brand', 'ag1', 'Core', 'buy acme', 'exact', '2026-05-23', 'GB', 21, 297, 29400000, 0.84, 42);
INSERT INTO gsc_query_daily (id, property_id, date, query, page, country, device, clicks, impressions, ctr, position) VALUES ('mw9ut251q4dtk9cxq5jyf', 'iksfox5d3nidy68ldoy89v', '2026-05-23', 'cheap acme', 'https://acme.com/cheap-acme', 'us', 'desktop', 8, 243, 0.03292181069958848, 7.189270641243314);
INSERT INTO ads_keyword_daily (id, account_id, campaign_id, campaign_name, ad_group_id, ad_group_name, keyword, match_type, date, country, clicks, impressions, cost_micros, conversions, conversions_value) VALUES ('vnax71hk5hen6wrx95z7d8', 'am9ikxb7bekih4erufmjk', 'c1', 'Brand', 'ag1', 'Core', 'cheap acme', 'exact', '2026-05-23', 'US', 14, 150, 11200000, 0.56, 28.000000000000004);
INSERT INTO gsc_query_daily (id, property_id, date, query, page, country, device, clicks, impressions, ctr, position) VALUES ('j3yw8dwrh5mf6z8t3zmt46', 'iksfox5d3nidy68ldoy89v', '2026-05-23', 'best acme alternative', 'https://acme.com/best-acme-alternative', 'us', 'desktop', 70, 537, 0.1303538175046555, 3.025749861370469);
INSERT INTO ads_keyword_daily (id, account_id, campaign_id, campaign_name, ad_group_id, ad_group_name, keyword, match_type, date, country, clicks, impressions, cost_micros, conversions, conversions_value) VALUES ('8wdv9f1v0wje9ii58rufg', 'am9ikxb7bekih4erufmjk', 'c1', 'Brand', 'ag1', 'Core', 'best acme alternative', 'exact', '2026-05-23', 'US', 37, 370, 40700000, 1.48, 74);
INSERT INTO gsc_query_daily (id, property_id, date, query, page, country, device, clicks, impressions, ctr, position) VALUES ('bdqh6lriyv4e0cfsk0p6', 'iksfox5d3nidy68ldoy89v', '2026-05-22', 'acme', 'https://acme.com/acme', 'us', 'desktop', 671, 1416, 0.4738700564971751, 1.3898404020930155);
INSERT INTO ads_keyword_daily (id, account_id, campaign_id, campaign_name, ad_group_id, ad_group_name, keyword, match_type, date, country, clicks, impressions, cost_micros, conversions, conversions_value) VALUES ('rdvwj2vfnzejo28uhq7owe', 'am9ikxb7bekih4erufmjk', 'c1', 'Brand', 'ag1', 'Core', 'acme', 'exact', '2026-05-22', 'US', 37, 606, 18500000, 1.48, 74);
INSERT INTO gsc_query_daily (id, property_id, date, query, page, country, device, clicks, impressions, ctr, position) VALUES ('alaw63iynhf1gdpxn2johp', 'iksfox5d3nidy68ldoy89v', '2026-05-22', 'acme shoes', 'https://acme.com/acme-shoes', 'us', 'desktop', 469, 1458, 0.3216735253772291, 1.9289781368355936);
INSERT INTO ads_keyword_daily (id, account_id, campaign_id, campaign_name, ad_group_id, ad_group_name, keyword, match_type, date, country, clicks, impressions, cost_micros, conversions, conversions_value) VALUES ('wogp3gbyjfixlf9ltjt34q', 'am9ikxb7bekih4erufmjk', 'c1', 'Brand', 'ag1', 'Core', 'acme shoes', 'exact', '2026-05-22', 'US', 9, 96, 8100000, 0.36, 18);
INSERT INTO gsc_query_daily (id, property_id, date, query, page, country, device, clicks, impressions, ctr, position) VALUES ('zto7wc5dmvhlk0dkefvuf7', 'iksfox5d3nidy68ldoy89v', '2026-05-22', 'acme support', 'https://acme.com/acme-support', 'us', 'desktop', 461, 737, 0.6255088195386703, 1.047719000468555);
INSERT INTO ads_keyword_daily (id, account_id, campaign_id, campaign_name, ad_group_id, ad_group_name, keyword, match_type, date, country, clicks, impressions, cost_micros, conversions, conversions_value) VALUES ('5m6e2gw2klsyxjzb6l0tc', 'am9ikxb7bekih4erufmjk', 'c1', 'Brand', 'ag1', 'Core', 'acme support', 'exact', '2026-05-22', 'US', 40, 539, 8000000, 1.6, 80);
INSERT INTO gsc_query_daily (id, property_id, date, query, page, country, device, clicks, impressions, ctr, position) VALUES ('ail7604pcqhg60642u5wii', 'iksfox5d3nidy68ldoy89v', '2026-05-22', 'buy acme', 'https://acme.com/buy-acme', 'gb', 'desktop', 58, 627, 0.09250398724082935, 4.323765335798891);
INSERT INTO ads_keyword_daily (id, account_id, campaign_id, campaign_name, ad_group_id, ad_group_name, keyword, match_type, date, country, clicks, impressions, cost_micros, conversions, conversions_value) VALUES ('4cxewixds31f2eivk5wwvp', 'am9ikxb7bekih4erufmjk', 'c1', 'Brand', 'ag1', 'Core', 'buy acme', 'exact', '2026-05-22', 'GB', 43, 587, 60200000, 1.72, 86);
INSERT INTO gsc_query_daily (id, property_id, date, query, page, country, device, clicks, impressions, ctr, position) VALUES ('klzy0mmi9te2dchrwoq9o', 'iksfox5d3nidy68ldoy89v', '2026-05-22', 'cheap acme', 'https://acme.com/cheap-acme', 'us', 'desktop', 58, 1536, 0.037760416666666664, 7.205598185399216);
INSERT INTO ads_keyword_daily (id, account_id, campaign_id, campaign_name, ad_group_id, ad_group_name, keyword, match_type, date, country, clicks, impressions, cost_micros, conversions, conversions_value) VALUES ('grhl73d2uxq67bnr8tchux', 'am9ikxb7bekih4erufmjk', 'c1', 'Brand', 'ag1', 'Core', 'cheap acme', 'exact', '2026-05-22', 'US', 61, 659, 48800000, 2.44, 122);
INSERT INTO gsc_query_daily (id, property_id, date, query, page, country, device, clicks, impressions, ctr, position) VALUES ('vgcc49j589fyz5sj8qj1do', 'iksfox5d3nidy68ldoy89v', '2026-05-22', 'best acme alternative', 'https://acme.com/best-acme-alternative', 'us', 'desktop', 158, 1174, 0.13458262350936967, 2.9375844119297922);
INSERT INTO ads_keyword_daily (id, account_id, campaign_id, campaign_name, ad_group_id, ad_group_name, keyword, match_type, date, country, clicks, impressions, cost_micros, conversions, conversions_value) VALUES ('0gycm26e302di7zxim3ul7', 'am9ikxb7bekih4erufmjk', 'c1', 'Brand', 'ag1', 'Core', 'best acme alternative', 'exact', '2026-05-22', 'US', 34, 394, 37400000, 1.36, 68);
INSERT INTO gsc_query_daily (id, property_id, date, query, page, country, device, clicks, impressions, ctr, position) VALUES ('4zrsuy0znj2i9llh9ebwe', 'iksfox5d3nidy68ldoy89v', '2026-05-21', 'acme', 'https://acme.com/acme', 'us', 'desktop', 218, 530, 0.41132075471698115, 1.220417868956764);
INSERT INTO ads_keyword_daily (id, account_id, campaign_id, campaign_name, ad_group_id, ad_group_name, keyword, match_type, date, country, clicks, impressions, cost_micros, conversions, conversions_value) VALUES ('gsmfrqgbfrf0fjvhti2gt', 'am9ikxb7bekih4erufmjk', 'c1', 'Brand', 'ag1', 'Core', 'acme', 'exact', '2026-05-21', 'US', 8, 95, 4000000, 0.32, 16);
INSERT INTO gsc_query_daily (id, property_id, date, query, page, country, device, clicks, impressions, ctr, position) VALUES ('hoy3x7da65qdcj9rr35hyq', 'iksfox5d3nidy68ldoy89v', '2026-05-21', 'acme shoes', 'https://acme.com/acme-shoes', 'us', 'desktop', 582, 1616, 0.36014851485148514, 1.7845045725230035);
INSERT INTO ads_keyword_daily (id, account_id, campaign_id, campaign_name, ad_group_id, ad_group_name, keyword, match_type, date, country, clicks, impressions, cost_micros, conversions, conversions_value) VALUES ('lcdks5lklbib5m1hs358af', 'am9ikxb7bekih4erufmjk', 'c1', 'Brand', 'ag1', 'Core', 'acme shoes', 'exact', '2026-05-21', 'US', 31, 323, 27900000, 1.24, 62);
INSERT INTO gsc_query_daily (id, property_id, date, query, page, country, device, clicks, impressions, ctr, position) VALUES ('0q7lhuk62f5hjvk2h9tb3bj', 'iksfox5d3nidy68ldoy89v', '2026-05-21', 'acme support', 'https://acme.com/acme-support', 'us', 'desktop', 638, 1333, 0.47861965491372843, 1.0050854703790792);
INSERT INTO ads_keyword_daily (id, account_id, campaign_id, campaign_name, ad_group_id, ad_group_name, keyword, match_type, date, country, clicks, impressions, cost_micros, conversions, conversions_value) VALUES ('fc3szw3tk3eith3wjhpfb', 'am9ikxb7bekih4erufmjk', 'c1', 'Brand', 'ag1', 'Core', 'acme support', 'exact', '2026-05-21', 'US', 42, 536, 8400000, 1.68, 84);
INSERT INTO gsc_query_daily (id, property_id, date, query, page, country, device, clicks, impressions, ctr, position) VALUES ('eko1cqkvm5m1o4guqw15q', 'iksfox5d3nidy68ldoy89v', '2026-05-21', 'buy acme', 'https://acme.com/buy-acme', 'gb', 'desktop', 27, 362, 0.07458563535911603, 4.686684100349287);
INSERT INTO ads_keyword_daily (id, account_id, campaign_id, campaign_name, ad_group_id, ad_group_name, keyword, match_type, date, country, clicks, impressions, cost_micros, conversions, conversions_value) VALUES ('dd9honi9pfrwjb8zy2rowo', 'am9ikxb7bekih4erufmjk', 'c1', 'Brand', 'ag1', 'Core', 'buy acme', 'exact', '2026-05-21', 'GB', 46, 466, 64400000, 1.84, 92);
INSERT INTO gsc_query_daily (id, property_id, date, query, page, country, device, clicks, impressions, ctr, position) VALUES ('gcwbefd5mdr3zmp78l72ny', 'iksfox5d3nidy68ldoy89v', '2026-05-21', 'cheap acme', 'https://acme.com/cheap-acme', 'us', 'desktop', 41, 1187, 0.03454085930918281, 7.068636334665001);
INSERT INTO ads_keyword_daily (id, account_id, campaign_id, campaign_name, ad_group_id, ad_group_name, keyword, match_type, date, country, clicks, impressions, cost_micros, conversions, conversions_value) VALUES ('r0i6n3p94m15hh0p77c7m', 'am9ikxb7bekih4erufmjk', 'c1', 'Brand', 'ag1', 'Core', 'cheap acme', 'exact', '2026-05-21', 'US', 22, 326, 17600000, 0.88, 44);
INSERT INTO gsc_query_daily (id, property_id, date, query, page, country, device, clicks, impressions, ctr, position) VALUES ('kfsx4k0s8aqv13t9bupwgh', 'iksfox5d3nidy68ldoy89v', '2026-05-21', 'best acme alternative', 'https://acme.com/best-acme-alternative', 'us', 'desktop', 196, 1610, 0.12173913043478261, 3.0029251598162334);
INSERT INTO ads_keyword_daily (id, account_id, campaign_id, campaign_name, ad_group_id, ad_group_name, keyword, match_type, date, country, clicks, impressions, cost_micros, conversions, conversions_value) VALUES ('c06m8hrqeoawxng3tihntr', 'am9ikxb7bekih4erufmjk', 'c1', 'Brand', 'ag1', 'Core', 'best acme alternative', 'exact', '2026-05-21', 'US', 30, 335, 33000000, 1.2, 60);
INSERT INTO gsc_query_daily (id, property_id, date, query, page, country, device, clicks, impressions, ctr, position) VALUES ('acz2gdio70p01im414khxik', 'iksfox5d3nidy68ldoy89v', '2026-05-20', 'acme', 'https://acme.com/acme', 'us', 'desktop', 176, 479, 0.3674321503131524, 1.3705262491036247);
INSERT INTO ads_keyword_daily (id, account_id, campaign_id, campaign_name, ad_group_id, ad_group_name, keyword, match_type, date, country, clicks, impressions, cost_micros, conversions, conversions_value) VALUES ('sq2jd1fp36npxveanx3d4n', 'am9ikxb7bekih4erufmjk', 'c1', 'Brand', 'ag1', 'Core', 'acme', 'exact', '2026-05-20', 'US', 36, 502, 18000000, 1.44, 72);
INSERT INTO gsc_query_daily (id, property_id, date, query, page, country, device, clicks, impressions, ctr, position) VALUES ('t5a92rbjkpgvo55btjawvo', 'iksfox5d3nidy68ldoy89v', '2026-05-20', 'acme shoes', 'https://acme.com/acme-shoes', 'us', 'desktop', 464, 1458, 0.31824417009602196, 1.6081078609938722);
INSERT INTO ads_keyword_daily (id, account_id, campaign_id, campaign_name, ad_group_id, ad_group_name, keyword, match_type, date, country, clicks, impressions, cost_micros, conversions, conversions_value) VALUES ('5hrjk51mbj5rp8g39maog', 'am9ikxb7bekih4erufmjk', 'c1', 'Brand', 'ag1', 'Core', 'acme shoes', 'exact', '2026-05-20', 'US', 45, 469, 40500000, 1.8, 90);
INSERT INTO gsc_query_daily (id, property_id, date, query, page, country, device, clicks, impressions, ctr, position) VALUES ('tc9g5453j4idqypf0nwmp', 'iksfox5d3nidy68ldoy89v', '2026-05-20', 'acme support', 'https://acme.com/acme-support', 'us', 'desktop', 221, 470, 0.4702127659574468, 0.8280752957960017);
INSERT INTO ads_keyword_daily (id, account_id, campaign_id, campaign_name, ad_group_id, ad_group_name, keyword, match_type, date, country, clicks, impressions, cost_micros, conversions, conversions_value) VALUES ('q02l4y7kzqmqekkn1q823', 'am9ikxb7bekih4erufmjk', 'c1', 'Brand', 'ag1', 'Core', 'acme support', 'exact', '2026-05-20', 'US', 18, 189, 3600000, 0.72, 36);
INSERT INTO gsc_query_daily (id, property_id, date, query, page, country, device, clicks, impressions, ctr, position) VALUES ('zzxvkhbhotnya3bi14ryb', 'iksfox5d3nidy68ldoy89v', '2026-05-20', 'buy acme', 'https://acme.com/buy-acme', 'gb', 'desktop', 74, 1062, 0.0696798493408663, 4.487714299103774);
INSERT INTO ads_keyword_daily (id, account_id, campaign_id, campaign_name, ad_group_id, ad_group_name, keyword, match_type, date, country, clicks, impressions, cost_micros, conversions, conversions_value) VALUES ('mxb39ssabsa1kcyqyfv2dr', 'am9ikxb7bekih4erufmjk', 'c1', 'Brand', 'ag1', 'Core', 'buy acme', 'exact', '2026-05-20', 'GB', 36, 459, 50400000, 1.44, 72);
INSERT INTO gsc_query_daily (id, property_id, date, query, page, country, device, clicks, impressions, ctr, position) VALUES ('e99ls4dn68p5l5w2sfy7co', 'iksfox5d3nidy68ldoy89v', '2026-05-20', 'cheap acme', 'https://acme.com/cheap-acme', 'us', 'desktop', 43, 1134, 0.03791887125220458, 7.173286798798632);
INSERT INTO ads_keyword_daily (id, account_id, campaign_id, campaign_name, ad_group_id, ad_group_name, keyword, match_type, date, country, clicks, impressions, cost_micros, conversions, conversions_value) VALUES ('dduui68v10a4nif1rr7be8', 'am9ikxb7bekih4erufmjk', 'c1', 'Brand', 'ag1', 'Core', 'cheap acme', 'exact', '2026-05-20', 'US', 11, 140, 8800000, 0.44, 22);
INSERT INTO gsc_query_daily (id, property_id, date, query, page, country, device, clicks, impressions, ctr, position) VALUES ('xzq6nfu63vbpdcuxanrsgs', 'iksfox5d3nidy68ldoy89v', '2026-05-20', 'best acme alternative', 'https://acme.com/best-acme-alternative', 'us', 'desktop', 195, 1637, 0.11912034208918754, 3.2164006977668844);
INSERT INTO ads_keyword_daily (id, account_id, campaign_id, campaign_name, ad_group_id, ad_group_name, keyword, match_type, date, country, clicks, impressions, cost_micros, conversions, conversions_value) VALUES ('s7y8slkpq9j3q6g5sgi23y', 'am9ikxb7bekih4erufmjk', 'c1', 'Brand', 'ag1', 'Core', 'best acme alternative', 'exact', '2026-05-20', 'US', 38, 394, 41800000, 1.52, 76);
INSERT INTO gsc_query_daily (id, property_id, date, query, page, country, device, clicks, impressions, ctr, position) VALUES ('8icbmk53fre1ukuy1b67tg', 'iksfox5d3nidy68ldoy89v', '2026-05-19', 'acme', 'https://acme.com/acme', 'us', 'desktop', 206, 563, 0.36589698046181174, 1.1074846009603798);
INSERT INTO ads_keyword_daily (id, account_id, campaign_id, campaign_name, ad_group_id, ad_group_name, keyword, match_type, date, country, clicks, impressions, cost_micros, conversions, conversions_value) VALUES ('3d9mi5dnbgt3ghpd3b10h2', 'am9ikxb7bekih4erufmjk', 'c1', 'Brand', 'ag1', 'Core', 'acme', 'exact', '2026-05-19', 'US', 57, 576, 28500000, 2.2800000000000002, 114.00000000000001);
INSERT INTO gsc_query_daily (id, property_id, date, query, page, country, device, clicks, impressions, ctr, position) VALUES ('tbyj4ja5y9tas1m0vx52k', 'iksfox5d3nidy68ldoy89v', '2026-05-19', 'acme shoes', 'https://acme.com/acme-shoes', 'us', 'desktop', 383, 1502, 0.25499334221038616, 1.9853229027875376);
INSERT INTO ads_keyword_daily (id, account_id, campaign_id, campaign_name, ad_group_id, ad_group_name, keyword, match_type, date, country, clicks, impressions, cost_micros, conversions, conversions_value) VALUES ('bmkqqq8fzxw7xhsif649es', 'am9ikxb7bekih4erufmjk', 'c1', 'Brand', 'ag1', 'Core', 'acme shoes', 'exact', '2026-05-19', 'US', 43, 526, 38700000, 1.72, 86);
INSERT INTO gsc_query_daily (id, property_id, date, query, page, country, device, clicks, impressions, ctr, position) VALUES ('lagnb8rwr9ouffebxq02f', 'iksfox5d3nidy68ldoy89v', '2026-05-19', 'acme support', 'https://acme.com/acme-support', 'us', 'desktop', 640, 1013, 0.631786771964462, 0.9947370148544434);
INSERT INTO ads_keyword_daily (id, account_id, campaign_id, campaign_name, ad_group_id, ad_group_name, keyword, match_type, date, country, clicks, impressions, cost_micros, conversions, conversions_value) VALUES ('cnl84uvyth4lhurajb6ngf', 'am9ikxb7bekih4erufmjk', 'c1', 'Brand', 'ag1', 'Core', 'acme support', 'exact', '2026-05-19', 'US', 44, 580, 8800000, 1.76, 88);
INSERT INTO gsc_query_daily (id, property_id, date, query, page, country, device, clicks, impressions, ctr, position) VALUES ('44yv6z831f99duwm5t89rh', 'iksfox5d3nidy68ldoy89v', '2026-05-19', 'buy acme', 'https://acme.com/buy-acme', 'gb', 'desktop', 109, 1313, 0.08301599390708302, 4.595382589633373);
INSERT INTO ads_keyword_daily (id, account_id, campaign_id, campaign_name, ad_group_id, ad_group_name, keyword, match_type, date, country, clicks, impressions, cost_micros, conversions, conversions_value) VALUES ('wwuppuskcnnswsshcv9mh', 'am9ikxb7bekih4erufmjk', 'c1', 'Brand', 'ag1', 'Core', 'buy acme', 'exact', '2026-05-19', 'GB', 44, 497, 61600000, 1.76, 88);
INSERT INTO gsc_query_daily (id, property_id, date, query, page, country, device, clicks, impressions, ctr, position) VALUES ('s14tos2qqo91g51kf1319i', 'iksfox5d3nidy68ldoy89v', '2026-05-19', 'cheap acme', 'https://acme.com/cheap-acme', 'us', 'desktop', 44, 1346, 0.03268945022288262, 7.05403847387977);
INSERT INTO ads_keyword_daily (id, account_id, campaign_id, campaign_name, ad_group_id, ad_group_name, keyword, match_type, date, country, clicks, impressions, cost_micros, conversions, conversions_value) VALUES ('pdlxxjlk3rgq60ump8nkbi', 'am9ikxb7bekih4erufmjk', 'c1', 'Brand', 'ag1', 'Core', 'cheap acme', 'exact', '2026-05-19', 'US', 43, 636, 34400000, 1.72, 86);
INSERT INTO gsc_query_daily (id, property_id, date, query, page, country, device, clicks, impressions, ctr, position) VALUES ('rq2ehvn2pv4gz4xgyri12', 'iksfox5d3nidy68ldoy89v', '2026-05-19', 'best acme alternative', 'https://acme.com/best-acme-alternative', 'us', 'desktop', 195, 1364, 0.1429618768328446, 2.9807042079605854);
INSERT INTO ads_keyword_daily (id, account_id, campaign_id, campaign_name, ad_group_id, ad_group_name, keyword, match_type, date, country, clicks, impressions, cost_micros, conversions, conversions_value) VALUES ('91jv2eh9kce1o7mc2esbyfh', 'am9ikxb7bekih4erufmjk', 'c1', 'Brand', 'ag1', 'Core', 'best acme alternative', 'exact', '2026-05-19', 'US', 31, 327, 34100000, 1.24, 62);
INSERT INTO gsc_query_daily (id, property_id, date, query, page, country, device, clicks, impressions, ctr, position) VALUES ('vx5cx0eb33fx2vin5bb83p', 'iksfox5d3nidy68ldoy89v', '2026-05-18', 'acme', 'https://acme.com/acme', 'us', 'desktop', 552, 1310, 0.4213740458015267, 1.18939959722713);
INSERT INTO ads_keyword_daily (id, account_id, campaign_id, campaign_name, ad_group_id, ad_group_name, keyword, match_type, date, country, clicks, impressions, cost_micros, conversions, conversions_value) VALUES ('4v3okh2qztbl744r6ekhvi', 'am9ikxb7bekih4erufmjk', 'c1', 'Brand', 'ag1', 'Core', 'acme', 'exact', '2026-05-18', 'US', 59, 649, 29500000, 2.36, 118);
INSERT INTO gsc_query_daily (id, property_id, date, query, page, country, device, clicks, impressions, ctr, position) VALUES ('5qaewp7vqkln96gmcj8hm9', 'iksfox5d3nidy68ldoy89v', '2026-05-18', 'acme shoes', 'https://acme.com/acme-shoes', 'us', 'desktop', 92, 251, 0.3665338645418327, 1.7378830354423889);
INSERT INTO ads_keyword_daily (id, account_id, campaign_id, campaign_name, ad_group_id, ad_group_name, keyword, match_type, date, country, clicks, impressions, cost_micros, conversions, conversions_value) VALUES ('pw8tlby9v8cdv0ze947zxg', 'am9ikxb7bekih4erufmjk', 'c1', 'Brand', 'ag1', 'Core', 'acme shoes', 'exact', '2026-05-18', 'US', 10, 160, 9000000, 0.4, 20);
INSERT INTO gsc_query_daily (id, property_id, date, query, page, country, device, clicks, impressions, ctr, position) VALUES ('l66ytwhflqpktjuev2fjx', 'iksfox5d3nidy68ldoy89v', '2026-05-18', 'acme support', 'https://acme.com/acme-support', 'us', 'desktop', 856, 1356, 0.6312684365781711, 1.0176270741574422);
INSERT INTO ads_keyword_daily (id, account_id, campaign_id, campaign_name, ad_group_id, ad_group_name, keyword, match_type, date, country, clicks, impressions, cost_micros, conversions, conversions_value) VALUES ('0dkuf3vr8teo7jspxwhzced', 'am9ikxb7bekih4erufmjk', 'c1', 'Brand', 'ag1', 'Core', 'acme support', 'exact', '2026-05-18', 'US', 36, 575, 7200000, 1.44, 72);
INSERT INTO gsc_query_daily (id, property_id, date, query, page, country, device, clicks, impressions, ctr, position) VALUES ('knzu38lryrbwq09vbpn3v', 'iksfox5d3nidy68ldoy89v', '2026-05-18', 'buy acme', 'https://acme.com/buy-acme', 'gb', 'desktop', 88, 978, 0.08997955010224949, 4.606531035604077);
INSERT INTO ads_keyword_daily (id, account_id, campaign_id, campaign_name, ad_group_id, ad_group_name, keyword, match_type, date, country, clicks, impressions, cost_micros, conversions, conversions_value) VALUES ('wbvsufq4glmxc16xneglj', 'am9ikxb7bekih4erufmjk', 'c1', 'Brand', 'ag1', 'Core', 'buy acme', 'exact', '2026-05-18', 'GB', 36, 424, 50400000, 1.44, 72);
INSERT INTO gsc_query_daily (id, property_id, date, query, page, country, device, clicks, impressions, ctr, position) VALUES ('xhco9lxh9g8q91msjz8a1h', 'iksfox5d3nidy68ldoy89v', '2026-05-18', 'cheap acme', 'https://acme.com/cheap-acme', 'us', 'desktop', 45, 1067, 0.04217432052483599, 7.209632435929182);
INSERT INTO ads_keyword_daily (id, account_id, campaign_id, campaign_name, ad_group_id, ad_group_name, keyword, match_type, date, country, clicks, impressions, cost_micros, conversions, conversions_value) VALUES ('g85hl1cul7g8up1xqiifwo', 'am9ikxb7bekih4erufmjk', 'c1', 'Brand', 'ag1', 'Core', 'cheap acme', 'exact', '2026-05-18', 'US', 37, 534, 29600000, 1.48, 74);
INSERT INTO gsc_query_daily (id, property_id, date, query, page, country, device, clicks, impressions, ctr, position) VALUES ('ry6j3nd909ccuvhxsikdum', 'iksfox5d3nidy68ldoy89v', '2026-05-18', 'best acme alternative', 'https://acme.com/best-acme-alternative', 'us', 'desktop', 60, 576, 0.10416666666666667, 3.221912113513634);
INSERT INTO ads_keyword_daily (id, account_id, campaign_id, campaign_name, ad_group_id, ad_group_name, keyword, match_type, date, country, clicks, impressions, cost_micros, conversions, conversions_value) VALUES ('c9l5nskkl5twfazfutjwx9', 'am9ikxb7bekih4erufmjk', 'c1', 'Brand', 'ag1', 'Core', 'best acme alternative', 'exact', '2026-05-18', 'US', 44, 553, 48400000, 1.76, 88);
INSERT INTO gsc_query_daily (id, property_id, date, query, page, country, device, clicks, impressions, ctr, position) VALUES ('oddeclk0v1kan7wueq0sm', 'iksfox5d3nidy68ldoy89v', '2026-05-17', 'acme', 'https://acme.com/acme', 'us', 'desktop', 394, 916, 0.43013100436681223, 1.0157795870482937);
INSERT INTO ads_keyword_daily (id, account_id, campaign_id, campaign_name, ad_group_id, ad_group_name, keyword, match_type, date, country, clicks, impressions, cost_micros, conversions, conversions_value) VALUES ('k2c2o0q1uxa4m0vwb43izm', 'am9ikxb7bekih4erufmjk', 'c1', 'Brand', 'ag1', 'Core', 'acme', 'exact', '2026-05-17', 'US', 59, 656, 29500000, 2.36, 118);
INSERT INTO gsc_query_daily (id, property_id, date, query, page, country, device, clicks, impressions, ctr, position) VALUES ('2hv79bqzcitk36d001f36', 'iksfox5d3nidy68ldoy89v', '2026-05-17', 'acme shoes', 'https://acme.com/acme-shoes', 'us', 'desktop', 238, 930, 0.25591397849462366, 1.8993901790159726);
INSERT INTO ads_keyword_daily (id, account_id, campaign_id, campaign_name, ad_group_id, ad_group_name, keyword, match_type, date, country, clicks, impressions, cost_micros, conversions, conversions_value) VALUES ('p7m7ws1el2aghnk14hhff', 'am9ikxb7bekih4erufmjk', 'c1', 'Brand', 'ag1', 'Core', 'acme shoes', 'exact', '2026-05-17', 'US', 18, 207, 16200000, 0.72, 36);
INSERT INTO gsc_query_daily (id, property_id, date, query, page, country, device, clicks, impressions, ctr, position) VALUES ('rvd80rypzlrenmat4hk9lq', 'iksfox5d3nidy68ldoy89v', '2026-05-17', 'acme support', 'https://acme.com/acme-support', 'us', 'desktop', 455, 845, 0.5384615384615384, 1.0295931929681883);
INSERT INTO ads_keyword_daily (id, account_id, campaign_id, campaign_name, ad_group_id, ad_group_name, keyword, match_type, date, country, clicks, impressions, cost_micros, conversions, conversions_value) VALUES ('eyljf3c1zrgx47dg6lvmf', 'am9ikxb7bekih4erufmjk', 'c1', 'Brand', 'ag1', 'Core', 'acme support', 'exact', '2026-05-17', 'US', 33, 451, 6600000, 1.32, 66);
INSERT INTO gsc_query_daily (id, property_id, date, query, page, country, device, clicks, impressions, ctr, position) VALUES ('6scvdva70qsa7hj7jtgvio', 'iksfox5d3nidy68ldoy89v', '2026-05-17', 'buy acme', 'https://acme.com/buy-acme', 'gb', 'desktop', 69, 938, 0.07356076759061833, 4.39240800216191);
INSERT INTO ads_keyword_daily (id, account_id, campaign_id, campaign_name, ad_group_id, ad_group_name, keyword, match_type, date, country, clicks, impressions, cost_micros, conversions, conversions_value) VALUES ('nc2ku92vetlbbjszkxtwu', 'am9ikxb7bekih4erufmjk', 'c1', 'Brand', 'ag1', 'Core', 'buy acme', 'exact', '2026-05-17', 'GB', 32, 357, 44800000, 1.28, 64);
INSERT INTO gsc_query_daily (id, property_id, date, query, page, country, device, clicks, impressions, ctr, position) VALUES ('5b386yztx3oxwgz6oknyi', 'iksfox5d3nidy68ldoy89v', '2026-05-17', 'cheap acme', 'https://acme.com/cheap-acme', 'us', 'desktop', 26, 750, 0.034666666666666665, 7.381326872232141);
INSERT INTO ads_keyword_daily (id, account_id, campaign_id, campaign_name, ad_group_id, ad_group_name, keyword, match_type, date, country, clicks, impressions, cost_micros, conversions, conversions_value) VALUES ('v6rrzaec5tflvxj5ndl46f', 'am9ikxb7bekih4erufmjk', 'c1', 'Brand', 'ag1', 'Core', 'cheap acme', 'exact', '2026-05-17', 'US', 28, 379, 22400000, 1.12, 56.00000000000001);
INSERT INTO gsc_query_daily (id, property_id, date, query, page, country, device, clicks, impressions, ctr, position) VALUES ('ucfrsybnuyj606ud5gqk', 'iksfox5d3nidy68ldoy89v', '2026-05-17', 'best acme alternative', 'https://acme.com/best-acme-alternative', 'us', 'desktop', 104, 898, 0.11581291759465479, 3.055157815813034);
INSERT INTO ads_keyword_daily (id, account_id, campaign_id, campaign_name, ad_group_id, ad_group_name, keyword, match_type, date, country, clicks, impressions, cost_micros, conversions, conversions_value) VALUES ('5aow9hob2h9tnan3ako1c', 'am9ikxb7bekih4erufmjk', 'c1', 'Brand', 'ag1', 'Core', 'best acme alternative', 'exact', '2026-05-17', 'US', 31, 502, 34100000, 1.24, 62);
INSERT INTO gsc_query_daily (id, property_id, date, query, page, country, device, clicks, impressions, ctr, position) VALUES ('0xf5fq9i9vaqh72tbbqr07i', 'iksfox5d3nidy68ldoy89v', '2026-05-16', 'acme', 'https://acme.com/acme', 'us', 'desktop', 343, 797, 0.43036386449184444, 1.1069320307557013);
INSERT INTO ads_keyword_daily (id, account_id, campaign_id, campaign_name, ad_group_id, ad_group_name, keyword, match_type, date, country, clicks, impressions, cost_micros, conversions, conversions_value) VALUES ('mclx320otnc7lyd3k09nq', 'am9ikxb7bekih4erufmjk', 'c1', 'Brand', 'ag1', 'Core', 'acme', 'exact', '2026-05-16', 'US', 19, 293, 9500000, 0.76, 38);
INSERT INTO gsc_query_daily (id, property_id, date, query, page, country, device, clicks, impressions, ctr, position) VALUES ('42vrq4dhego5458zyt10xs', 'iksfox5d3nidy68ldoy89v', '2026-05-16', 'acme shoes', 'https://acme.com/acme-shoes', 'us', 'desktop', 92, 353, 0.26062322946175637, 1.9765571016144046);
INSERT INTO ads_keyword_daily (id, account_id, campaign_id, campaign_name, ad_group_id, ad_group_name, keyword, match_type, date, country, clicks, impressions, cost_micros, conversions, conversions_value) VALUES ('1dl84p0mik3ii9aonz8wrk', 'am9ikxb7bekih4erufmjk', 'c1', 'Brand', 'ag1', 'Core', 'acme shoes', 'exact', '2026-05-16', 'US', 41, 634, 36900000, 1.6400000000000001, 82);
INSERT INTO gsc_query_daily (id, property_id, date, query, page, country, device, clicks, impressions, ctr, position) VALUES ('7idvvu3a25hfmzm7uevbvl', 'iksfox5d3nidy68ldoy89v', '2026-05-16', 'acme support', 'https://acme.com/acme-support', 'us', 'desktop', 320, 651, 0.4915514592933948, 0.9952327323489192);
INSERT INTO ads_keyword_daily (id, account_id, campaign_id, campaign_name, ad_group_id, ad_group_name, keyword, match_type, date, country, clicks, impressions, cost_micros, conversions, conversions_value) VALUES ('9vnn9jq32ytzam12u503li', 'am9ikxb7bekih4erufmjk', 'c1', 'Brand', 'ag1', 'Core', 'acme support', 'exact', '2026-05-16', 'US', 49, 675, 9800000, 1.96, 98);
INSERT INTO gsc_query_daily (id, property_id, date, query, page, country, device, clicks, impressions, ctr, position) VALUES ('b2k3qk9at69vm8bnp8wb0q', 'iksfox5d3nidy68ldoy89v', '2026-05-16', 'buy acme', 'https://acme.com/buy-acme', 'gb', 'desktop', 86, 917, 0.09378407851690294, 4.382142334243556);
INSERT INTO ads_keyword_daily (id, account_id, campaign_id, campaign_name, ad_group_id, ad_group_name, keyword, match_type, date, country, clicks, impressions, cost_micros, conversions, conversions_value) VALUES ('erpp5i2s8ch378tlp2ddjb', 'am9ikxb7bekih4erufmjk', 'c1', 'Brand', 'ag1', 'Core', 'buy acme', 'exact', '2026-05-16', 'GB', 8, 91, 11200000, 0.32, 16);
INSERT INTO gsc_query_daily (id, property_id, date, query, page, country, device, clicks, impressions, ctr, position) VALUES ('x30vbghghfk2tx0zqg3o2d', 'iksfox5d3nidy68ldoy89v', '2026-05-16', 'cheap acme', 'https://acme.com/cheap-acme', 'us', 'desktop', 67, 1439, 0.046560111188325225, 7.004491376456252);
INSERT INTO ads_keyword_daily (id, account_id, campaign_id, campaign_name, ad_group_id, ad_group_name, keyword, match_type, date, country, clicks, impressions, cost_micros, conversions, conversions_value) VALUES ('vsm5rjqvlrgsfh4mmr1cf', 'am9ikxb7bekih4erufmjk', 'c1', 'Brand', 'ag1', 'Core', 'cheap acme', 'exact', '2026-05-16', 'US', 13, 144, 10400000, 0.52, 26);
INSERT INTO gsc_query_daily (id, property_id, date, query, page, country, device, clicks, impressions, ctr, position) VALUES ('vh5nar9zb1ffmoyw5fz9i', 'iksfox5d3nidy68ldoy89v', '2026-05-16', 'best acme alternative', 'https://acme.com/best-acme-alternative', 'us', 'desktop', 55, 508, 0.10826771653543307, 3.2126604784383783);
INSERT INTO ads_keyword_daily (id, account_id, campaign_id, campaign_name, ad_group_id, ad_group_name, keyword, match_type, date, country, clicks, impressions, cost_micros, conversions, conversions_value) VALUES ('uu2hn44fmc02s8lk77zf5', 'am9ikxb7bekih4erufmjk', 'c1', 'Brand', 'ag1', 'Core', 'best acme alternative', 'exact', '2026-05-16', 'US', 41, 513, 45100000, 1.6400000000000001, 82);
INSERT INTO gsc_query_daily (id, property_id, date, query, page, country, device, clicks, impressions, ctr, position) VALUES ('5dy2ljd0nqhqtg4rkgnebp', 'iksfox5d3nidy68ldoy89v', '2026-05-15', 'acme', 'https://acme.com/acme', 'us', 'desktop', 369, 1008, 0.36607142857142855, 1.361970686786534);
INSERT INTO ads_keyword_daily (id, account_id, campaign_id, campaign_name, ad_group_id, ad_group_name, keyword, match_type, date, country, clicks, impressions, cost_micros, conversions, conversions_value) VALUES ('1ibsa82zc18x95ptdnlhw', 'am9ikxb7bekih4erufmjk', 'c1', 'Brand', 'ag1', 'Core', 'acme', 'exact', '2026-05-15', 'US', 47, 552, 23500000, 1.8800000000000001, 94);
INSERT INTO gsc_query_daily (id, property_id, date, query, page, country, device, clicks, impressions, ctr, position) VALUES ('v51a2qen1yqhtlp0tpw16s', 'iksfox5d3nidy68ldoy89v', '2026-05-15', 'acme shoes', 'https://acme.com/acme-shoes', 'us', 'desktop', 296, 959, 0.3086548488008342, 1.6826592726943124);
INSERT INTO ads_keyword_daily (id, account_id, campaign_id, campaign_name, ad_group_id, ad_group_name, keyword, match_type, date, country, clicks, impressions, cost_micros, conversions, conversions_value) VALUES ('mb7mq46i848d6pl12flofa', 'am9ikxb7bekih4erufmjk', 'c1', 'Brand', 'ag1', 'Core', 'acme shoes', 'exact', '2026-05-15', 'US', 42, 550, 37800000, 1.68, 84);
INSERT INTO gsc_query_daily (id, property_id, date, query, page, country, device, clicks, impressions, ctr, position) VALUES ('q7s857jphjl4rmzzl4s6hx', 'iksfox5d3nidy68ldoy89v', '2026-05-15', 'acme support', 'https://acme.com/acme-support', 'us', 'desktop', 779, 1223, 0.6369582992641046, 0.8130849636784602);
INSERT INTO ads_keyword_daily (id, account_id, campaign_id, campaign_name, ad_group_id, ad_group_name, keyword, match_type, date, country, clicks, impressions, cost_micros, conversions, conversions_value) VALUES ('85biij9id9x4cd3ccxa8qy', 'am9ikxb7bekih4erufmjk', 'c1', 'Brand', 'ag1', 'Core', 'acme support', 'exact', '2026-05-15', 'US', 40, 626, 8000000, 1.6, 80);
INSERT INTO gsc_query_daily (id, property_id, date, query, page, country, device, clicks, impressions, ctr, position) VALUES ('m90p6f0pqglcdvz1z3wplt', 'iksfox5d3nidy68ldoy89v', '2026-05-15', 'buy acme', 'https://acme.com/buy-acme', 'gb', 'desktop', 105, 1237, 0.08488278092158448, 4.414299705447598);
INSERT INTO ads_keyword_daily (id, account_id, campaign_id, campaign_name, ad_group_id, ad_group_name, keyword, match_type, date, country, clicks, impressions, cost_micros, conversions, conversions_value) VALUES ('l7zkifs2qosmywf9z3uxxo', 'am9ikxb7bekih4erufmjk', 'c1', 'Brand', 'ag1', 'Core', 'buy acme', 'exact', '2026-05-15', 'GB', 45, 470, 63000000, 1.8, 90);
INSERT INTO gsc_query_daily (id, property_id, date, query, page, country, device, clicks, impressions, ctr, position) VALUES ('uinpc3qfl980f7w6s065b', 'iksfox5d3nidy68ldoy89v', '2026-05-15', 'cheap acme', 'https://acme.com/cheap-acme', 'us', 'desktop', 55, 1323, 0.04157218442932729, 7.179599598619003);
INSERT INTO ads_keyword_daily (id, account_id, campaign_id, campaign_name, ad_group_id, ad_group_name, keyword, match_type, date, country, clicks, impressions, cost_micros, conversions, conversions_value) VALUES ('8troovchuusf4mhth3xb38', 'am9ikxb7bekih4erufmjk', 'c1', 'Brand', 'ag1', 'Core', 'cheap acme', 'exact', '2026-05-15', 'US', 20, 206, 16000000, 0.8, 40);
INSERT INTO gsc_query_daily (id, property_id, date, query, page, country, device, clicks, impressions, ctr, position) VALUES ('9e8hddkkd2bnvvk74qaec', 'iksfox5d3nidy68ldoy89v', '2026-05-15', 'best acme alternative', 'https://acme.com/best-acme-alternative', 'us', 'desktop', 35, 275, 0.12727272727272726, 3.2827683508259864);
INSERT INTO ads_keyword_daily (id, account_id, campaign_id, campaign_name, ad_group_id, ad_group_name, keyword, match_type, date, country, clicks, impressions, cost_micros, conversions, conversions_value) VALUES ('c3mk9yhqukjredqoqs1woe', 'am9ikxb7bekih4erufmjk', 'c1', 'Brand', 'ag1', 'Core', 'best acme alternative', 'exact', '2026-05-15', 'US', 13, 142, 14300000, 0.52, 26);
INSERT INTO gsc_query_daily (id, property_id, date, query, page, country, device, clicks, impressions, ctr, position) VALUES ('i8p50qz2jnndtrdeig0wwf', 'iksfox5d3nidy68ldoy89v', '2026-05-14', 'acme', 'https://acme.com/acme', 'us', 'desktop', 813, 1640, 0.49573170731707317, 1.1596296559645503);
INSERT INTO ads_keyword_daily (id, account_id, campaign_id, campaign_name, ad_group_id, ad_group_name, keyword, match_type, date, country, clicks, impressions, cost_micros, conversions, conversions_value) VALUES ('yjlnjezijoc1udsq4ipak4', 'am9ikxb7bekih4erufmjk', 'c1', 'Brand', 'ag1', 'Core', 'acme', 'exact', '2026-05-14', 'US', 47, 570, 23500000, 1.8800000000000001, 94);
INSERT INTO gsc_query_daily (id, property_id, date, query, page, country, device, clicks, impressions, ctr, position) VALUES ('epuenl6ocuioyawutceec', 'iksfox5d3nidy68ldoy89v', '2026-05-14', 'acme shoes', 'https://acme.com/acme-shoes', 'us', 'desktop', 269, 966, 0.2784679089026915, 1.895214338082526);
INSERT INTO ads_keyword_daily (id, account_id, campaign_id, campaign_name, ad_group_id, ad_group_name, keyword, match_type, date, country, clicks, impressions, cost_micros, conversions, conversions_value) VALUES ('2238do2qsowtwemo1s4g7s', 'am9ikxb7bekih4erufmjk', 'c1', 'Brand', 'ag1', 'Core', 'acme shoes', 'exact', '2026-05-14', 'US', 56, 658, 50400000, 2.24, 112.00000000000001);
INSERT INTO gsc_query_daily (id, property_id, date, query, page, country, device, clicks, impressions, ctr, position) VALUES ('2ulgoyt7sf2p0lztt7deta', 'iksfox5d3nidy68ldoy89v', '2026-05-14', 'acme support', 'https://acme.com/acme-support', 'us', 'desktop', 808, 1633, 0.4947948560930802, 1.001420504840633);
INSERT INTO ads_keyword_daily (id, account_id, campaign_id, campaign_name, ad_group_id, ad_group_name, keyword, match_type, date, country, clicks, impressions, cost_micros, conversions, conversions_value) VALUES ('sd404f615tkegrywd7b7je', 'am9ikxb7bekih4erufmjk', 'c1', 'Brand', 'ag1', 'Core', 'acme support', 'exact', '2026-05-14', 'US', 44, 439, 8800000, 1.76, 88);
INSERT INTO gsc_query_daily (id, property_id, date, query, page, country, device, clicks, impressions, ctr, position) VALUES ('htb87s50btw0c9059h7v4q9', 'iksfox5d3nidy68ldoy89v', '2026-05-14', 'buy acme', 'https://acme.com/buy-acme', 'gb', 'desktop', 101, 1368, 0.07383040935672515, 4.690114522989367);
INSERT INTO ads_keyword_daily (id, account_id, campaign_id, campaign_name, ad_group_id, ad_group_name, keyword, match_type, date, country, clicks, impressions, cost_micros, conversions, conversions_value) VALUES ('90vekze057qg04nvhyybx', 'am9ikxb7bekih4erufmjk', 'c1', 'Brand', 'ag1', 'Core', 'buy acme', 'exact', '2026-05-14', 'GB', 25, 301, 35000000, 1, 50);
INSERT INTO gsc_query_daily (id, property_id, date, query, page, country, device, clicks, impressions, ctr, position) VALUES ('tzy2hsnfegn8v4vjityep', 'iksfox5d3nidy68ldoy89v', '2026-05-14', 'cheap acme', 'https://acme.com/cheap-acme', 'us', 'desktop', 18, 448, 0.04017857142857143, 7.189571668451604);
INSERT INTO ads_keyword_daily (id, account_id, campaign_id, campaign_name, ad_group_id, ad_group_name, keyword, match_type, date, country, clicks, impressions, cost_micros, conversions, conversions_value) VALUES ('s8pbb47gpu2b2ch5opi6s', 'am9ikxb7bekih4erufmjk', 'c1', 'Brand', 'ag1', 'Core', 'cheap acme', 'exact', '2026-05-14', 'US', 33, 402, 26400000, 1.32, 66);
INSERT INTO gsc_query_daily (id, property_id, date, query, page, country, device, clicks, impressions, ctr, position) VALUES ('42yrgtod8jraapgzdneyft', 'iksfox5d3nidy68ldoy89v', '2026-05-14', 'best acme alternative', 'https://acme.com/best-acme-alternative', 'us', 'desktop', 226, 1635, 0.1382262996941896, 3.1012661376858968);
INSERT INTO ads_keyword_daily (id, account_id, campaign_id, campaign_name, ad_group_id, ad_group_name, keyword, match_type, date, country, clicks, impressions, cost_micros, conversions, conversions_value) VALUES ('17zvistsprh7z0dd0r6rhq', 'am9ikxb7bekih4erufmjk', 'c1', 'Brand', 'ag1', 'Core', 'best acme alternative', 'exact', '2026-05-14', 'US', 8, 122, 8800000, 0.32, 16);
INSERT INTO gsc_query_daily (id, property_id, date, query, page, country, device, clicks, impressions, ctr, position) VALUES ('6dpfxzusl2v3huaqdyxk5q', 'iksfox5d3nidy68ldoy89v', '2026-05-13', 'acme', 'https://acme.com/acme', 'us', 'desktop', 161, 336, 0.4791666666666667, 1.326655525815582);
INSERT INTO ads_keyword_daily (id, account_id, campaign_id, campaign_name, ad_group_id, ad_group_name, keyword, match_type, date, country, clicks, impressions, cost_micros, conversions, conversions_value) VALUES ('wk07ztbbrep6ygph61sww4', 'am9ikxb7bekih4erufmjk', 'c1', 'Brand', 'ag1', 'Core', 'acme', 'exact', '2026-05-13', 'US', 35, 583, 17500000, 1.4000000000000001, 70);
INSERT INTO gsc_query_daily (id, property_id, date, query, page, country, device, clicks, impressions, ctr, position) VALUES ('s3ytnbvf8maovx3obkbh3o', 'iksfox5d3nidy68ldoy89v', '2026-05-13', 'acme shoes', 'https://acme.com/acme-shoes', 'us', 'desktop', 442, 1691, 0.2613837965700769, 1.756903938104219);
INSERT INTO ads_keyword_daily (id, account_id, campaign_id, campaign_name, ad_group_id, ad_group_name, keyword, match_type, date, country, clicks, impressions, cost_micros, conversions, conversions_value) VALUES ('pockh8trlgjq5x2z0qgg', 'am9ikxb7bekih4erufmjk', 'c1', 'Brand', 'ag1', 'Core', 'acme shoes', 'exact', '2026-05-13', 'US', 14, 210, 12600000, 0.56, 28.000000000000004);
INSERT INTO gsc_query_daily (id, property_id, date, query, page, country, device, clicks, impressions, ctr, position) VALUES ('hy2zuq9qk97kgzyn09mn1', 'iksfox5d3nidy68ldoy89v', '2026-05-13', 'acme support', 'https://acme.com/acme-support', 'us', 'desktop', 430, 836, 0.5143540669856459, 0.8055994953250405);
INSERT INTO ads_keyword_daily (id, account_id, campaign_id, campaign_name, ad_group_id, ad_group_name, keyword, match_type, date, country, clicks, impressions, cost_micros, conversions, conversions_value) VALUES ('8jl5xzr7o6a2o0ovrgmhq', 'am9ikxb7bekih4erufmjk', 'c1', 'Brand', 'ag1', 'Core', 'acme support', 'exact', '2026-05-13', 'US', 18, 205, 3600000, 0.72, 36);
INSERT INTO gsc_query_daily (id, property_id, date, query, page, country, device, clicks, impressions, ctr, position) VALUES ('3wscc43vapu82u8w75tr6', 'iksfox5d3nidy68ldoy89v', '2026-05-13', 'buy acme', 'https://acme.com/buy-acme', 'gb', 'desktop', 71, 749, 0.09479305740987984, 4.497915285096761);
INSERT INTO ads_keyword_daily (id, account_id, campaign_id, campaign_name, ad_group_id, ad_group_name, keyword, match_type, date, country, clicks, impressions, cost_micros, conversions, conversions_value) VALUES ('mhgdl1hn1fcpg5e2b3dqk', 'am9ikxb7bekih4erufmjk', 'c1', 'Brand', 'ag1', 'Core', 'buy acme', 'exact', '2026-05-13', 'GB', 11, 149, 15400000, 0.44, 22);
INSERT INTO gsc_query_daily (id, property_id, date, query, page, country, device, clicks, impressions, ctr, position) VALUES ('65nlg5cskpcdambuftn0t', 'iksfox5d3nidy68ldoy89v', '2026-05-13', 'cheap acme', 'https://acme.com/cheap-acme', 'us', 'desktop', 24, 630, 0.0380952380952381, 7.086158860176539);
INSERT INTO ads_keyword_daily (id, account_id, campaign_id, campaign_name, ad_group_id, ad_group_name, keyword, match_type, date, country, clicks, impressions, cost_micros, conversions, conversions_value) VALUES ('c26s4km99hl6u8rtgp679', 'am9ikxb7bekih4erufmjk', 'c1', 'Brand', 'ag1', 'Core', 'cheap acme', 'exact', '2026-05-13', 'US', 9, 147, 7200000, 0.36, 18);
INSERT INTO gsc_query_daily (id, property_id, date, query, page, country, device, clicks, impressions, ctr, position) VALUES ('pzj7i53hbo2gqhv19dmxe', 'iksfox5d3nidy68ldoy89v', '2026-05-13', 'best acme alternative', 'https://acme.com/best-acme-alternative', 'us', 'desktop', 159, 1367, 0.1163130943672275, 3.190047076517513);
INSERT INTO ads_keyword_daily (id, account_id, campaign_id, campaign_name, ad_group_id, ad_group_name, keyword, match_type, date, country, clicks, impressions, cost_micros, conversions, conversions_value) VALUES ('pyy9zhwaatfrhsotv9o8ip', 'am9ikxb7bekih4erufmjk', 'c1', 'Brand', 'ag1', 'Core', 'best acme alternative', 'exact', '2026-05-13', 'US', 24, 312, 26400000, 0.96, 48);
INSERT INTO gsc_query_daily (id, property_id, date, query, page, country, device, clicks, impressions, ctr, position) VALUES ('coqoj2vtrkhu45i5wonl3', 'iksfox5d3nidy68ldoy89v', '2026-05-12', 'acme', 'https://acme.com/acme', 'us', 'desktop', 456, 1012, 0.4505928853754941, 1.0572339372231618);
INSERT INTO ads_keyword_daily (id, account_id, campaign_id, campaign_name, ad_group_id, ad_group_name, keyword, match_type, date, country, clicks, impressions, cost_micros, conversions, conversions_value) VALUES ('u86fs35mvx84l4sjrz7vmk', 'am9ikxb7bekih4erufmjk', 'c1', 'Brand', 'ag1', 'Core', 'acme', 'exact', '2026-05-12', 'US', 13, 199, 6500000, 0.52, 26);
INSERT INTO gsc_query_daily (id, property_id, date, query, page, country, device, clicks, impressions, ctr, position) VALUES ('ax28hdpwj8b6204bst2znk', 'iksfox5d3nidy68ldoy89v', '2026-05-12', 'acme shoes', 'https://acme.com/acme-shoes', 'us', 'desktop', 396, 1456, 0.27197802197802196, 1.8229373887221967);
INSERT INTO ads_keyword_daily (id, account_id, campaign_id, campaign_name, ad_group_id, ad_group_name, keyword, match_type, date, country, clicks, impressions, cost_micros, conversions, conversions_value) VALUES ('0xa9dz2eiyeak5hhdse0at', 'am9ikxb7bekih4erufmjk', 'c1', 'Brand', 'ag1', 'Core', 'acme shoes', 'exact', '2026-05-12', 'US', 32, 517, 28800000, 1.28, 64);
INSERT INTO gsc_query_daily (id, property_id, date, query, page, country, device, clicks, impressions, ctr, position) VALUES ('wyj3jvgucyqerf9qgrm1k', 'iksfox5d3nidy68ldoy89v', '2026-05-12', 'acme support', 'https://acme.com/acme-support', 'us', 'desktop', 147, 307, 0.4788273615635179, 0.8407309816279126);
INSERT INTO ads_keyword_daily (id, account_id, campaign_id, campaign_name, ad_group_id, ad_group_name, keyword, match_type, date, country, clicks, impressions, cost_micros, conversions, conversions_value) VALUES ('b0aqv4jyrka85y8id4f51', 'am9ikxb7bekih4erufmjk', 'c1', 'Brand', 'ag1', 'Core', 'acme support', 'exact', '2026-05-12', 'US', 50, 670, 10000000, 2, 100);
INSERT INTO gsc_query_daily (id, property_id, date, query, page, country, device, clicks, impressions, ctr, position) VALUES ('vsuiuk64gcl82bxiwdwv4l', 'iksfox5d3nidy68ldoy89v', '2026-05-12', 'buy acme', 'https://acme.com/buy-acme', 'gb', 'desktop', 72, 932, 0.07725321888412018, 4.337301244705294);
INSERT INTO ads_keyword_daily (id, account_id, campaign_id, campaign_name, ad_group_id, ad_group_name, keyword, match_type, date, country, clicks, impressions, cost_micros, conversions, conversions_value) VALUES ('ugzc3x6pebbglhnoucc8j', 'am9ikxb7bekih4erufmjk', 'c1', 'Brand', 'ag1', 'Core', 'buy acme', 'exact', '2026-05-12', 'GB', 29, 409, 40600000, 1.16, 57.99999999999999);
INSERT INTO gsc_query_daily (id, property_id, date, query, page, country, device, clicks, impressions, ctr, position) VALUES ('33jxraaub9vf19gt7u7l9r', 'iksfox5d3nidy68ldoy89v', '2026-05-12', 'cheap acme', 'https://acme.com/cheap-acme', 'us', 'desktop', 20, 530, 0.03773584905660377, 7.141460139755078);
INSERT INTO ads_keyword_daily (id, account_id, campaign_id, campaign_name, ad_group_id, ad_group_name, keyword, match_type, date, country, clicks, impressions, cost_micros, conversions, conversions_value) VALUES ('3d3tc7htghm7ou2p2ckzqo', 'am9ikxb7bekih4erufmjk', 'c1', 'Brand', 'ag1', 'Core', 'cheap acme', 'exact', '2026-05-12', 'US', 27, 430, 21600000, 1.08, 54);
INSERT INTO gsc_query_daily (id, property_id, date, query, page, country, device, clicks, impressions, ctr, position) VALUES ('fuf0knoh22v58k0bt1n70y', 'iksfox5d3nidy68ldoy89v', '2026-05-12', 'best acme alternative', 'https://acme.com/best-acme-alternative', 'us', 'desktop', 89, 655, 0.13587786259541984, 2.9851449198876105);
INSERT INTO ads_keyword_daily (id, account_id, campaign_id, campaign_name, ad_group_id, ad_group_name, keyword, match_type, date, country, clicks, impressions, cost_micros, conversions, conversions_value) VALUES ('l3pldcuj2ui8hg8dob8ug', 'am9ikxb7bekih4erufmjk', 'c1', 'Brand', 'ag1', 'Core', 'best acme alternative', 'exact', '2026-05-12', 'US', 36, 532, 39600000, 1.44, 72);
INSERT INTO gsc_query_daily (id, property_id, date, query, page, country, device, clicks, impressions, ctr, position) VALUES ('pe2hgo5sao48o1efi2uw8', 'iksfox5d3nidy68ldoy89v', '2026-05-11', 'acme', 'https://acme.com/acme', 'us', 'desktop', 506, 1051, 0.4814462416745956, 1.1146431393877252);
INSERT INTO ads_keyword_daily (id, account_id, campaign_id, campaign_name, ad_group_id, ad_group_name, keyword, match_type, date, country, clicks, impressions, cost_micros, conversions, conversions_value) VALUES ('dkuxx24qvxikftmuthno', 'am9ikxb7bekih4erufmjk', 'c1', 'Brand', 'ag1', 'Core', 'acme', 'exact', '2026-05-11', 'US', 46, 678, 23000000, 1.84, 92);
INSERT INTO gsc_query_daily (id, property_id, date, query, page, country, device, clicks, impressions, ctr, position) VALUES ('txftr1bwkoc3gi1tplm9ui', 'iksfox5d3nidy68ldoy89v', '2026-05-11', 'acme shoes', 'https://acme.com/acme-shoes', 'us', 'desktop', 96, 260, 0.36923076923076925, 1.9555913537394485);
INSERT INTO ads_keyword_daily (id, account_id, campaign_id, campaign_name, ad_group_id, ad_group_name, keyword, match_type, date, country, clicks, impressions, cost_micros, conversions, conversions_value) VALUES ('20tloguqmorhk7315jpg6q', 'am9ikxb7bekih4erufmjk', 'c1', 'Brand', 'ag1', 'Core', 'acme shoes', 'exact', '2026-05-11', 'US', 64, 678, 57600000, 2.56, 128);
INSERT INTO gsc_query_daily (id, property_id, date, query, page, country, device, clicks, impressions, ctr, position) VALUES ('g9joean9ay7ksx65bce99', 'iksfox5d3nidy68ldoy89v', '2026-05-11', 'acme support', 'https://acme.com/acme-support', 'us', 'desktop', 347, 684, 0.5073099415204678, 1.0130846884255689);
INSERT INTO ads_keyword_daily (id, account_id, campaign_id, campaign_name, ad_group_id, ad_group_name, keyword, match_type, date, country, clicks, impressions, cost_micros, conversions, conversions_value) VALUES ('ule91kcc1k50ui81mksum', 'am9ikxb7bekih4erufmjk', 'c1', 'Brand', 'ag1', 'Core', 'acme support', 'exact', '2026-05-11', 'US', 58, 678, 11600000, 2.32, 115.99999999999999);
INSERT INTO gsc_query_daily (id, property_id, date, query, page, country, device, clicks, impressions, ctr, position) VALUES ('3qu3bedmcd4p8b82bgv18', 'iksfox5d3nidy68ldoy89v', '2026-05-11', 'buy acme', 'https://acme.com/buy-acme', 'gb', 'desktop', 60, 793, 0.07566204287515763, 4.5096632093004505);
INSERT INTO ads_keyword_daily (id, account_id, campaign_id, campaign_name, ad_group_id, ad_group_name, keyword, match_type, date, country, clicks, impressions, cost_micros, conversions, conversions_value) VALUES ('dnh6rt4ou4vhbdkiapebnp', 'am9ikxb7bekih4erufmjk', 'c1', 'Brand', 'ag1', 'Core', 'buy acme', 'exact', '2026-05-11', 'GB', 16, 192, 22400000, 0.64, 32);
INSERT INTO gsc_query_daily (id, property_id, date, query, page, country, device, clicks, impressions, ctr, position) VALUES ('t0gu6x030aknd2h9hn1t', 'iksfox5d3nidy68ldoy89v', '2026-05-11', 'cheap acme', 'https://acme.com/cheap-acme', 'us', 'desktop', 43, 1227, 0.03504482477587612, 7.250130986529712);
INSERT INTO ads_keyword_daily (id, account_id, campaign_id, campaign_name, ad_group_id, ad_group_name, keyword, match_type, date, country, clicks, impressions, cost_micros, conversions, conversions_value) VALUES ('dysbqh75b6uvjm5uyz6c', 'am9ikxb7bekih4erufmjk', 'c1', 'Brand', 'ag1', 'Core', 'cheap acme', 'exact', '2026-05-11', 'US', 40, 550, 32000000, 1.6, 80);
INSERT INTO gsc_query_daily (id, property_id, date, query, page, country, device, clicks, impressions, ctr, position) VALUES ('v488kpi7pc8l8xkve4ntv', 'iksfox5d3nidy68ldoy89v', '2026-05-11', 'best acme alternative', 'https://acme.com/best-acme-alternative', 'us', 'desktop', 173, 1212, 0.14273927392739275, 2.9684879961508264);
INSERT INTO ads_keyword_daily (id, account_id, campaign_id, campaign_name, ad_group_id, ad_group_name, keyword, match_type, date, country, clicks, impressions, cost_micros, conversions, conversions_value) VALUES ('8cwi2a2uiagptipn1zk29', 'am9ikxb7bekih4erufmjk', 'c1', 'Brand', 'ag1', 'Core', 'best acme alternative', 'exact', '2026-05-11', 'US', 14, 218, 15400000, 0.56, 28.000000000000004);
INSERT INTO gsc_query_daily (id, property_id, date, query, page, country, device, clicks, impressions, ctr, position) VALUES ('4zwl98zhyid1u6b8jhd718', 'iksfox5d3nidy68ldoy89v', '2026-05-10', 'acme', 'https://acme.com/acme', 'us', 'desktop', 710, 1595, 0.445141065830721, 1.1955884135721708);
INSERT INTO ads_keyword_daily (id, account_id, campaign_id, campaign_name, ad_group_id, ad_group_name, keyword, match_type, date, country, clicks, impressions, cost_micros, conversions, conversions_value) VALUES ('uo9jbheds67zd25im04e', 'am9ikxb7bekih4erufmjk', 'c1', 'Brand', 'ag1', 'Core', 'acme', 'exact', '2026-05-10', 'US', 22, 293, 11000000, 0.88, 44);
INSERT INTO gsc_query_daily (id, property_id, date, query, page, country, device, clicks, impressions, ctr, position) VALUES ('vcdx9p5mxjcg36zc2d9vjl', 'iksfox5d3nidy68ldoy89v', '2026-05-10', 'acme shoes', 'https://acme.com/acme-shoes', 'us', 'desktop', 273, 1062, 0.2570621468926554, 1.8951940276533932);
INSERT INTO ads_keyword_daily (id, account_id, campaign_id, campaign_name, ad_group_id, ad_group_name, keyword, match_type, date, country, clicks, impressions, cost_micros, conversions, conversions_value) VALUES ('l209o7eo57lgvexagzdu0i', 'am9ikxb7bekih4erufmjk', 'c1', 'Brand', 'ag1', 'Core', 'acme shoes', 'exact', '2026-05-10', 'US', 21, 212, 18900000, 0.84, 42);
INSERT INTO gsc_query_daily (id, property_id, date, query, page, country, device, clicks, impressions, ctr, position) VALUES ('t7w2z8in07kfpwib03i1b', 'iksfox5d3nidy68ldoy89v', '2026-05-10', 'acme support', 'https://acme.com/acme-support', 'us', 'desktop', 98, 203, 0.4827586206896552, 0.8642340405902889);
INSERT INTO ads_keyword_daily (id, account_id, campaign_id, campaign_name, ad_group_id, ad_group_name, keyword, match_type, date, country, clicks, impressions, cost_micros, conversions, conversions_value) VALUES ('b4un7i47l6li5r1ohbczic', 'am9ikxb7bekih4erufmjk', 'c1', 'Brand', 'ag1', 'Core', 'acme support', 'exact', '2026-05-10', 'US', 32, 384, 6400000, 1.28, 64);
INSERT INTO gsc_query_daily (id, property_id, date, query, page, country, device, clicks, impressions, ctr, position) VALUES ('hqklip6lmcj2zy5xvjc2be', 'iksfox5d3nidy68ldoy89v', '2026-05-10', 'buy acme', 'https://acme.com/buy-acme', 'gb', 'desktop', 41, 455, 0.09010989010989011, 4.599101201465988);
INSERT INTO ads_keyword_daily (id, account_id, campaign_id, campaign_name, ad_group_id, ad_group_name, keyword, match_type, date, country, clicks, impressions, cost_micros, conversions, conversions_value) VALUES ('odi5j303racflb0ldyv2hu', 'am9ikxb7bekih4erufmjk', 'c1', 'Brand', 'ag1', 'Core', 'buy acme', 'exact', '2026-05-10', 'GB', 37, 497, 51800000, 1.48, 74);
INSERT INTO gsc_query_daily (id, property_id, date, query, page, country, device, clicks, impressions, ctr, position) VALUES ('1d7nw2crbpzo34721weh1', 'iksfox5d3nidy68ldoy89v', '2026-05-10', 'cheap acme', 'https://acme.com/cheap-acme', 'us', 'desktop', 51, 1291, 0.039504260263361735, 7.173783483688143);
INSERT INTO ads_keyword_daily (id, account_id, campaign_id, campaign_name, ad_group_id, ad_group_name, keyword, match_type, date, country, clicks, impressions, cost_micros, conversions, conversions_value) VALUES ('e904spj8j2jii5v5dgw9u', 'am9ikxb7bekih4erufmjk', 'c1', 'Brand', 'ag1', 'Core', 'cheap acme', 'exact', '2026-05-10', 'US', 16, 162, 12800000, 0.64, 32);
INSERT INTO gsc_query_daily (id, property_id, date, query, page, country, device, clicks, impressions, ctr, position) VALUES ('yqedqrwcn3jfyrc0x8lzqj', 'iksfox5d3nidy68ldoy89v', '2026-05-10', 'best acme alternative', 'https://acme.com/best-acme-alternative', 'us', 'desktop', 217, 1545, 0.14045307443365695, 3.086866662079562);
INSERT INTO ads_keyword_daily (id, account_id, campaign_id, campaign_name, ad_group_id, ad_group_name, keyword, match_type, date, country, clicks, impressions, cost_micros, conversions, conversions_value) VALUES ('dakxrps5s8tgur20zh2jjt', 'am9ikxb7bekih4erufmjk', 'c1', 'Brand', 'ag1', 'Core', 'best acme alternative', 'exact', '2026-05-10', 'US', 59, 675, 64900000, 2.36, 118);
INSERT INTO gsc_query_daily (id, property_id, date, query, page, country, device, clicks, impressions, ctr, position) VALUES ('gz5fialicrwl7gra0hnini', 'iksfox5d3nidy68ldoy89v', '2026-05-09', 'acme', 'https://acme.com/acme', 'us', 'desktop', 217, 503, 0.43141153081510936, 1.1906852045095986);
INSERT INTO ads_keyword_daily (id, account_id, campaign_id, campaign_name, ad_group_id, ad_group_name, keyword, match_type, date, country, clicks, impressions, cost_micros, conversions, conversions_value) VALUES ('jfxcxtvyc5phhfnqiw5sr', 'am9ikxb7bekih4erufmjk', 'c1', 'Brand', 'ag1', 'Core', 'acme', 'exact', '2026-05-09', 'US', 13, 159, 6500000, 0.52, 26);
INSERT INTO gsc_query_daily (id, property_id, date, query, page, country, device, clicks, impressions, ctr, position) VALUES ('ifhdbqagl28jqvyned5er', 'iksfox5d3nidy68ldoy89v', '2026-05-09', 'acme shoes', 'https://acme.com/acme-shoes', 'us', 'desktop', 397, 1489, 0.26662189388851576, 1.7147863370732004);
INSERT INTO ads_keyword_daily (id, account_id, campaign_id, campaign_name, ad_group_id, ad_group_name, keyword, match_type, date, country, clicks, impressions, cost_micros, conversions, conversions_value) VALUES ('ky45hfz9suitlfomy0j20r', 'am9ikxb7bekih4erufmjk', 'c1', 'Brand', 'ag1', 'Core', 'acme shoes', 'exact', '2026-05-09', 'US', 15, 239, 13500000, 0.6, 30);
INSERT INTO gsc_query_daily (id, property_id, date, query, page, country, device, clicks, impressions, ctr, position) VALUES ('m6l18t0fjemfgkm91c13n', 'iksfox5d3nidy68ldoy89v', '2026-05-09', 'acme support', 'https://acme.com/acme-support', 'us', 'desktop', 612, 1053, 0.5811965811965812, 0.8143273788989494);
INSERT INTO ads_keyword_daily (id, account_id, campaign_id, campaign_name, ad_group_id, ad_group_name, keyword, match_type, date, country, clicks, impressions, cost_micros, conversions, conversions_value) VALUES ('030wbytrdcop16dhb72z6po', 'am9ikxb7bekih4erufmjk', 'c1', 'Brand', 'ag1', 'Core', 'acme support', 'exact', '2026-05-09', 'US', 28, 303, 5600000, 1.12, 56.00000000000001);
INSERT INTO gsc_query_daily (id, property_id, date, query, page, country, device, clicks, impressions, ctr, position) VALUES ('y7qk2g7tapm81m61cphg77', 'iksfox5d3nidy68ldoy89v', '2026-05-09', 'buy acme', 'https://acme.com/buy-acme', 'gb', 'desktop', 53, 615, 0.08617886178861789, 4.6428399117791965);
INSERT INTO ads_keyword_daily (id, account_id, campaign_id, campaign_name, ad_group_id, ad_group_name, keyword, match_type, date, country, clicks, impressions, cost_micros, conversions, conversions_value) VALUES ('ob51bfeljsh1cw6ksa2t6z', 'am9ikxb7bekih4erufmjk', 'c1', 'Brand', 'ag1', 'Core', 'buy acme', 'exact', '2026-05-09', 'GB', 5, 81, 7000000, 0.2, 10);
INSERT INTO gsc_query_daily (id, property_id, date, query, page, country, device, clicks, impressions, ctr, position) VALUES ('kio9jtcmxidixpjgj1ftu', 'iksfox5d3nidy68ldoy89v', '2026-05-09', 'cheap acme', 'https://acme.com/cheap-acme', 'us', 'desktop', 44, 1275, 0.034509803921568626, 7.023662614614985);
INSERT INTO ads_keyword_daily (id, account_id, campaign_id, campaign_name, ad_group_id, ad_group_name, keyword, match_type, date, country, clicks, impressions, cost_micros, conversions, conversions_value) VALUES ('oyr86sl0v3jhfj390kxrkp', 'am9ikxb7bekih4erufmjk', 'c1', 'Brand', 'ag1', 'Core', 'cheap acme', 'exact', '2026-05-09', 'US', 38, 607, 30400000, 1.52, 76);
INSERT INTO gsc_query_daily (id, property_id, date, query, page, country, device, clicks, impressions, ctr, position) VALUES ('92e5lyqz88c746js0thco8', 'iksfox5d3nidy68ldoy89v', '2026-05-09', 'best acme alternative', 'https://acme.com/best-acme-alternative', 'us', 'desktop', 70, 489, 0.14314928425357873, 3.263430624172771);
INSERT INTO ads_keyword_daily (id, account_id, campaign_id, campaign_name, ad_group_id, ad_group_name, keyword, match_type, date, country, clicks, impressions, cost_micros, conversions, conversions_value) VALUES ('7krqdjwtg0wnljakhnzg1d', 'am9ikxb7bekih4erufmjk', 'c1', 'Brand', 'ag1', 'Core', 'best acme alternative', 'exact', '2026-05-09', 'US', 9, 114, 9900000, 0.36, 18);
INSERT INTO gsc_query_daily (id, property_id, date, query, page, country, device, clicks, impressions, ctr, position) VALUES ('86yxo1lr0tubu6r5aflp7j', 'iksfox5d3nidy68ldoy89v', '2026-05-08', 'acme', 'https://acme.com/acme', 'us', 'desktop', 218, 507, 0.42998027613412226, 1.3463464594927714);
INSERT INTO ads_keyword_daily (id, account_id, campaign_id, campaign_name, ad_group_id, ad_group_name, keyword, match_type, date, country, clicks, impressions, cost_micros, conversions, conversions_value) VALUES ('8qchvazg9h617gp7xk7y2x', 'am9ikxb7bekih4erufmjk', 'c1', 'Brand', 'ag1', 'Core', 'acme', 'exact', '2026-05-08', 'US', 32, 449, 16000000, 1.28, 64);
INSERT INTO gsc_query_daily (id, property_id, date, query, page, country, device, clicks, impressions, ctr, position) VALUES ('0rrd9hnd8wcz974nyt52wr', 'iksfox5d3nidy68ldoy89v', '2026-05-08', 'acme shoes', 'https://acme.com/acme-shoes', 'us', 'desktop', 397, 1148, 0.34581881533101044, 1.9027818318520562);
INSERT INTO ads_keyword_daily (id, account_id, campaign_id, campaign_name, ad_group_id, ad_group_name, keyword, match_type, date, country, clicks, impressions, cost_micros, conversions, conversions_value) VALUES ('whopyllo7ljx2w66waqhk', 'am9ikxb7bekih4erufmjk', 'c1', 'Brand', 'ag1', 'Core', 'acme shoes', 'exact', '2026-05-08', 'US', 13, 203, 11700000, 0.52, 26);
INSERT INTO gsc_query_daily (id, property_id, date, query, page, country, device, clicks, impressions, ctr, position) VALUES ('yqogxgl0ow8ec8wd57imu', 'iksfox5d3nidy68ldoy89v', '2026-05-08', 'acme support', 'https://acme.com/acme-support', 'us', 'desktop', 316, 621, 0.5088566827697263, 1.1147312811753567);
INSERT INTO ads_keyword_daily (id, account_id, campaign_id, campaign_name, ad_group_id, ad_group_name, keyword, match_type, date, country, clicks, impressions, cost_micros, conversions, conversions_value) VALUES ('al8m2yfceghz4exwbzqiw', 'am9ikxb7bekih4erufmjk', 'c1', 'Brand', 'ag1', 'Core', 'acme support', 'exact', '2026-05-08', 'US', 50, 523, 10000000, 2, 100);
INSERT INTO gsc_query_daily (id, property_id, date, query, page, country, device, clicks, impressions, ctr, position) VALUES ('ktx31cyno9r9wx2nvin2g6', 'iksfox5d3nidy68ldoy89v', '2026-05-08', 'buy acme', 'https://acme.com/buy-acme', 'gb', 'desktop', 97, 1252, 0.07747603833865814, 4.5920579627708165);
INSERT INTO ads_keyword_daily (id, account_id, campaign_id, campaign_name, ad_group_id, ad_group_name, keyword, match_type, date, country, clicks, impressions, cost_micros, conversions, conversions_value) VALUES ('p6ngq757ujjpa7vi9udsm', 'am9ikxb7bekih4erufmjk', 'c1', 'Brand', 'ag1', 'Core', 'buy acme', 'exact', '2026-05-08', 'GB', 40, 557, 56000000, 1.6, 80);
INSERT INTO gsc_query_daily (id, property_id, date, query, page, country, device, clicks, impressions, ctr, position) VALUES ('d27xufa58nnbzddz1hs6f8', 'iksfox5d3nidy68ldoy89v', '2026-05-08', 'cheap acme', 'https://acme.com/cheap-acme', 'us', 'desktop', 46, 1370, 0.033576642335766425, 7.221824575239029);
INSERT INTO ads_keyword_daily (id, account_id, campaign_id, campaign_name, ad_group_id, ad_group_name, keyword, match_type, date, country, clicks, impressions, cost_micros, conversions, conversions_value) VALUES ('cqc2gmrpq3i0kvb0syh03to', 'am9ikxb7bekih4erufmjk', 'c1', 'Brand', 'ag1', 'Core', 'cheap acme', 'exact', '2026-05-08', 'US', 11, 120, 8800000, 0.44, 22);
INSERT INTO gsc_query_daily (id, property_id, date, query, page, country, device, clicks, impressions, ctr, position) VALUES ('30sy59uyb5yt3sogrs8gvn', 'iksfox5d3nidy68ldoy89v', '2026-05-08', 'best acme alternative', 'https://acme.com/best-acme-alternative', 'us', 'desktop', 36, 296, 0.12162162162162163, 2.9762370071023545);
INSERT INTO ads_keyword_daily (id, account_id, campaign_id, campaign_name, ad_group_id, ad_group_name, keyword, match_type, date, country, clicks, impressions, cost_micros, conversions, conversions_value) VALUES ('imngbeente82lpzjp1y5j', 'am9ikxb7bekih4erufmjk', 'c1', 'Brand', 'ag1', 'Core', 'best acme alternative', 'exact', '2026-05-08', 'US', 18, 202, 19800000, 0.72, 36);
INSERT INTO gsc_query_daily (id, property_id, date, query, page, country, device, clicks, impressions, ctr, position) VALUES ('0kwoz8gt6jvk9msvdt94ck8', 'iksfox5d3nidy68ldoy89v', '2026-05-07', 'acme', 'https://acme.com/acme', 'us', 'desktop', 111, 327, 0.3394495412844037, 1.0488071619743673);
INSERT INTO ads_keyword_daily (id, account_id, campaign_id, campaign_name, ad_group_id, ad_group_name, keyword, match_type, date, country, clicks, impressions, cost_micros, conversions, conversions_value) VALUES ('l794tzwz139t1mxg1gwxc9', 'am9ikxb7bekih4erufmjk', 'c1', 'Brand', 'ag1', 'Core', 'acme', 'exact', '2026-05-07', 'US', 9, 129, 4500000, 0.36, 18);
INSERT INTO gsc_query_daily (id, property_id, date, query, page, country, device, clicks, impressions, ctr, position) VALUES ('j8am3b34ndlm20t7dckqh', 'iksfox5d3nidy68ldoy89v', '2026-05-07', 'acme shoes', 'https://acme.com/acme-shoes', 'us', 'desktop', 554, 1569, 0.35309114085404714, 1.7062901169770621);
INSERT INTO ads_keyword_daily (id, account_id, campaign_id, campaign_name, ad_group_id, ad_group_name, keyword, match_type, date, country, clicks, impressions, cost_micros, conversions, conversions_value) VALUES ('nhsycd5mtkb00apg1kqhvos', 'am9ikxb7bekih4erufmjk', 'c1', 'Brand', 'ag1', 'Core', 'acme shoes', 'exact', '2026-05-07', 'US', 8, 90, 7200000, 0.32, 16);
INSERT INTO gsc_query_daily (id, property_id, date, query, page, country, device, clicks, impressions, ctr, position) VALUES ('5c3612e2kq87gyb51ie6ax', 'iksfox5d3nidy68ldoy89v', '2026-05-07', 'acme support', 'https://acme.com/acme-support', 'us', 'desktop', 131, 287, 0.4564459930313589, 0.9970896927539706);
INSERT INTO ads_keyword_daily (id, account_id, campaign_id, campaign_name, ad_group_id, ad_group_name, keyword, match_type, date, country, clicks, impressions, cost_micros, conversions, conversions_value) VALUES ('vkb8u8o19e81p74vc7uofl', 'am9ikxb7bekih4erufmjk', 'c1', 'Brand', 'ag1', 'Core', 'acme support', 'exact', '2026-05-07', 'US', 27, 274, 5400000, 1.08, 54);
INSERT INTO gsc_query_daily (id, property_id, date, query, page, country, device, clicks, impressions, ctr, position) VALUES ('2ge7z0q0tt6i473562zjec', 'iksfox5d3nidy68ldoy89v', '2026-05-07', 'buy acme', 'https://acme.com/buy-acme', 'gb', 'desktop', 61, 734, 0.08310626702997276, 4.413793365926833);
INSERT INTO ads_keyword_daily (id, account_id, campaign_id, campaign_name, ad_group_id, ad_group_name, keyword, match_type, date, country, clicks, impressions, cost_micros, conversions, conversions_value) VALUES ('k01qrz6qs5sejsxyen4qbe', 'am9ikxb7bekih4erufmjk', 'c1', 'Brand', 'ag1', 'Core', 'buy acme', 'exact', '2026-05-07', 'GB', 23, 276, 32200000, 0.92, 46);
INSERT INTO gsc_query_daily (id, property_id, date, query, page, country, device, clicks, impressions, ctr, position) VALUES ('gmwzm78lwjr5cj46z9vjj', 'iksfox5d3nidy68ldoy89v', '2026-05-07', 'cheap acme', 'https://acme.com/cheap-acme', 'us', 'desktop', 38, 848, 0.04481132075471698, 7.331259459864185);
INSERT INTO ads_keyword_daily (id, account_id, campaign_id, campaign_name, ad_group_id, ad_group_name, keyword, match_type, date, country, clicks, impressions, cost_micros, conversions, conversions_value) VALUES ('qylezb7fjf48rdy1u1d2e', 'am9ikxb7bekih4erufmjk', 'c1', 'Brand', 'ag1', 'Core', 'cheap acme', 'exact', '2026-05-07', 'US', 19, 204, 15200000, 0.76, 38);
INSERT INTO gsc_query_daily (id, property_id, date, query, page, country, device, clicks, impressions, ctr, position) VALUES ('nb8w0fi8v1av5azm6l3nmn', 'iksfox5d3nidy68ldoy89v', '2026-05-07', 'best acme alternative', 'https://acme.com/best-acme-alternative', 'us', 'desktop', 82, 646, 0.12693498452012383, 3.0988735213873646);
INSERT INTO ads_keyword_daily (id, account_id, campaign_id, campaign_name, ad_group_id, ad_group_name, keyword, match_type, date, country, clicks, impressions, cost_micros, conversions, conversions_value) VALUES ('p5mmalnmur0fgrjdu03n', 'am9ikxb7bekih4erufmjk', 'c1', 'Brand', 'ag1', 'Core', 'best acme alternative', 'exact', '2026-05-07', 'US', 57, 606, 62700000, 2.2800000000000002, 114.00000000000001);
INSERT INTO gsc_query_daily (id, property_id, date, query, page, country, device, clicks, impressions, ctr, position) VALUES ('8d0gd182mpkp3s1btopxwq', 'iksfox5d3nidy68ldoy89v', '2026-05-06', 'acme', 'https://acme.com/acme', 'us', 'desktop', 339, 743, 0.45625841184387617, 1.3950314739966925);
INSERT INTO ads_keyword_daily (id, account_id, campaign_id, campaign_name, ad_group_id, ad_group_name, keyword, match_type, date, country, clicks, impressions, cost_micros, conversions, conversions_value) VALUES ('hdpmxdbsxqoktihytwvts', 'am9ikxb7bekih4erufmjk', 'c1', 'Brand', 'ag1', 'Core', 'acme', 'exact', '2026-05-06', 'US', 31, 388, 15500000, 1.24, 62);
INSERT INTO gsc_query_daily (id, property_id, date, query, page, country, device, clicks, impressions, ctr, position) VALUES ('fqwurafk3sb2wr1vo2qd1q', 'iksfox5d3nidy68ldoy89v', '2026-05-06', 'acme shoes', 'https://acme.com/acme-shoes', 'us', 'desktop', 429, 1276, 0.33620689655172414, 1.8436716021456991);
INSERT INTO ads_keyword_daily (id, account_id, campaign_id, campaign_name, ad_group_id, ad_group_name, keyword, match_type, date, country, clicks, impressions, cost_micros, conversions, conversions_value) VALUES ('pvdyp8o88je0ii6h7maf77u', 'am9ikxb7bekih4erufmjk', 'c1', 'Brand', 'ag1', 'Core', 'acme shoes', 'exact', '2026-05-06', 'US', 29, 353, 26100000, 1.16, 57.99999999999999);
INSERT INTO gsc_query_daily (id, property_id, date, query, page, country, device, clicks, impressions, ctr, position) VALUES ('cg9m6834k5f3etzst6exv5', 'iksfox5d3nidy68ldoy89v', '2026-05-06', 'acme support', 'https://acme.com/acme-support', 'us', 'desktop', 744, 1686, 0.4412811387900356, 0.9082348833890694);
INSERT INTO ads_keyword_daily (id, account_id, campaign_id, campaign_name, ad_group_id, ad_group_name, keyword, match_type, date, country, clicks, impressions, cost_micros, conversions, conversions_value) VALUES ('eyn65zk2wcm7czupjbk30r', 'am9ikxb7bekih4erufmjk', 'c1', 'Brand', 'ag1', 'Core', 'acme support', 'exact', '2026-05-06', 'US', 54, 640, 10800000, 2.16, 108);
INSERT INTO gsc_query_daily (id, property_id, date, query, page, country, device, clicks, impressions, ctr, position) VALUES ('6ua5if8y3rv7xkmqsmojfk', 'iksfox5d3nidy68ldoy89v', '2026-05-06', 'buy acme', 'https://acme.com/buy-acme', 'gb', 'desktop', 46, 550, 0.08363636363636363, 4.572367126981792);
INSERT INTO ads_keyword_daily (id, account_id, campaign_id, campaign_name, ad_group_id, ad_group_name, keyword, match_type, date, country, clicks, impressions, cost_micros, conversions, conversions_value) VALUES ('oezhb01v35jhuhnnsm1c', 'am9ikxb7bekih4erufmjk', 'c1', 'Brand', 'ag1', 'Core', 'buy acme', 'exact', '2026-05-06', 'GB', 26, 305, 36400000, 1.04, 52);
INSERT INTO gsc_query_daily (id, property_id, date, query, page, country, device, clicks, impressions, ctr, position) VALUES ('0x72w6ug6sm1wi044tu1i6', 'iksfox5d3nidy68ldoy89v', '2026-05-06', 'cheap acme', 'https://acme.com/cheap-acme', 'us', 'desktop', 25, 544, 0.04595588235294118, 7.1360728912283875);
INSERT INTO ads_keyword_daily (id, account_id, campaign_id, campaign_name, ad_group_id, ad_group_name, keyword, match_type, date, country, clicks, impressions, cost_micros, conversions, conversions_value) VALUES ('f17jbiqmki4tj6nkmasvno', 'am9ikxb7bekih4erufmjk', 'c1', 'Brand', 'ag1', 'Core', 'cheap acme', 'exact', '2026-05-06', 'US', 44, 471, 35200000, 1.76, 88);
INSERT INTO gsc_query_daily (id, property_id, date, query, page, country, device, clicks, impressions, ctr, position) VALUES ('gez58u6o07cw49j57x1qhm', 'iksfox5d3nidy68ldoy89v', '2026-05-06', 'best acme alternative', 'https://acme.com/best-acme-alternative', 'us', 'desktop', 181, 1546, 0.11707632600258733, 3.120017676816833);
INSERT INTO ads_keyword_daily (id, account_id, campaign_id, campaign_name, ad_group_id, ad_group_name, keyword, match_type, date, country, clicks, impressions, cost_micros, conversions, conversions_value) VALUES ('ordvrj9zbwh0ybhy9z6ettf', 'am9ikxb7bekih4erufmjk', 'c1', 'Brand', 'ag1', 'Core', 'best acme alternative', 'exact', '2026-05-06', 'US', 15, 191, 16500000, 0.6, 30);
INSERT INTO gsc_query_daily (id, property_id, date, query, page, country, device, clicks, impressions, ctr, position) VALUES ('yzehic0lmrpwjwnquuiy3', 'iksfox5d3nidy68ldoy89v', '2026-05-05', 'acme', 'https://acme.com/acme', 'us', 'desktop', 300, 663, 0.45248868778280543, 1.150507569297458);
INSERT INTO ads_keyword_daily (id, account_id, campaign_id, campaign_name, ad_group_id, ad_group_name, keyword, match_type, date, country, clicks, impressions, cost_micros, conversions, conversions_value) VALUES ('n8k618l88ab0ufrtfzmt3hk', 'am9ikxb7bekih4erufmjk', 'c1', 'Brand', 'ag1', 'Core', 'acme', 'exact', '2026-05-05', 'US', 29, 481, 14500000, 1.16, 57.99999999999999);
INSERT INTO gsc_query_daily (id, property_id, date, query, page, country, device, clicks, impressions, ctr, position) VALUES ('lmkwgt3q68squr5z9lkepp', 'iksfox5d3nidy68ldoy89v', '2026-05-05', 'acme shoes', 'https://acme.com/acme-shoes', 'us', 'desktop', 232, 887, 0.2615558060879369, 1.6728331106955188);
INSERT INTO ads_keyword_daily (id, account_id, campaign_id, campaign_name, ad_group_id, ad_group_name, keyword, match_type, date, country, clicks, impressions, cost_micros, conversions, conversions_value) VALUES ('amlfw2vop1v3xj27a9v6wu', 'am9ikxb7bekih4erufmjk', 'c1', 'Brand', 'ag1', 'Core', 'acme shoes', 'exact', '2026-05-05', 'US', 47, 510, 42300000, 1.8800000000000001, 94);
INSERT INTO gsc_query_daily (id, property_id, date, query, page, country, device, clicks, impressions, ctr, position) VALUES ('c2aew8x4rooe70in9mm31v', 'iksfox5d3nidy68ldoy89v', '2026-05-05', 'acme support', 'https://acme.com/acme-support', 'us', 'desktop', 405, 785, 0.5159235668789809, 0.8342341491610591);
INSERT INTO ads_keyword_daily (id, account_id, campaign_id, campaign_name, ad_group_id, ad_group_name, keyword, match_type, date, country, clicks, impressions, cost_micros, conversions, conversions_value) VALUES ('99b4nmxyu3vvox6xentsys', 'am9ikxb7bekih4erufmjk', 'c1', 'Brand', 'ag1', 'Core', 'acme support', 'exact', '2026-05-05', 'US', 50, 574, 10000000, 2, 100);
INSERT INTO gsc_query_daily (id, property_id, date, query, page, country, device, clicks, impressions, ctr, position) VALUES ('xzj1xfjshhgy636rb95jxp', 'iksfox5d3nidy68ldoy89v', '2026-05-05', 'buy acme', 'https://acme.com/buy-acme', 'gb', 'desktop', 43, 533, 0.08067542213883677, 4.690143870356121);
INSERT INTO ads_keyword_daily (id, account_id, campaign_id, campaign_name, ad_group_id, ad_group_name, keyword, match_type, date, country, clicks, impressions, cost_micros, conversions, conversions_value) VALUES ('1npogpaazybdoq2bzyi0xn', 'am9ikxb7bekih4erufmjk', 'c1', 'Brand', 'ag1', 'Core', 'buy acme', 'exact', '2026-05-05', 'GB', 8, 82, 11200000, 0.32, 16);
INSERT INTO gsc_query_daily (id, property_id, date, query, page, country, device, clicks, impressions, ctr, position) VALUES ('82r16u6wirw7by3lzl845s', 'iksfox5d3nidy68ldoy89v', '2026-05-05', 'cheap acme', 'https://acme.com/cheap-acme', 'us', 'desktop', 25, 516, 0.04844961240310078, 7.339514724171003);
INSERT INTO ads_keyword_daily (id, account_id, campaign_id, campaign_name, ad_group_id, ad_group_name, keyword, match_type, date, country, clicks, impressions, cost_micros, conversions, conversions_value) VALUES ('v7yqys3ml9kurgyiq5nh9', 'am9ikxb7bekih4erufmjk', 'c1', 'Brand', 'ag1', 'Core', 'cheap acme', 'exact', '2026-05-05', 'US', 32, 409, 25600000, 1.28, 64);
INSERT INTO gsc_query_daily (id, property_id, date, query, page, country, device, clicks, impressions, ctr, position) VALUES ('lucxdh7c6ibg8hg4uq4jg5', 'iksfox5d3nidy68ldoy89v', '2026-05-05', 'best acme alternative', 'https://acme.com/best-acme-alternative', 'us', 'desktop', 51, 518, 0.09845559845559845, 3.0672750240530533);
INSERT INTO ads_keyword_daily (id, account_id, campaign_id, campaign_name, ad_group_id, ad_group_name, keyword, match_type, date, country, clicks, impressions, cost_micros, conversions, conversions_value) VALUES ('f1ylvu4wln6pyaxczxgri', 'am9ikxb7bekih4erufmjk', 'c1', 'Brand', 'ag1', 'Core', 'best acme alternative', 'exact', '2026-05-05', 'US', 31, 388, 34100000, 1.24, 62);
INSERT INTO gsc_query_daily (id, property_id, date, query, page, country, device, clicks, impressions, ctr, position) VALUES ('hjfbzu4zs2ts8mlz3umg', 'iksfox5d3nidy68ldoy89v', '2026-05-04', 'acme', 'https://acme.com/acme', 'us', 'desktop', 528, 1142, 0.46234676007005254, 1.2175010271879816);
INSERT INTO ads_keyword_daily (id, account_id, campaign_id, campaign_name, ad_group_id, ad_group_name, keyword, match_type, date, country, clicks, impressions, cost_micros, conversions, conversions_value) VALUES ('g7f9kozczr5l9h1xgp8fpn', 'am9ikxb7bekih4erufmjk', 'c1', 'Brand', 'ag1', 'Core', 'acme', 'exact', '2026-05-04', 'US', 30, 492, 15000000, 1.2, 60);
INSERT INTO gsc_query_daily (id, property_id, date, query, page, country, device, clicks, impressions, ctr, position) VALUES ('gvfqdtfepqvoi9oj67pbn', 'iksfox5d3nidy68ldoy89v', '2026-05-04', 'acme shoes', 'https://acme.com/acme-shoes', 'us', 'desktop', 206, 720, 0.2861111111111111, 1.9870774926729065);
INSERT INTO ads_keyword_daily (id, account_id, campaign_id, campaign_name, ad_group_id, ad_group_name, keyword, match_type, date, country, clicks, impressions, cost_micros, conversions, conversions_value) VALUES ('pjhthegfgmdsyl6n0ahar', 'am9ikxb7bekih4erufmjk', 'c1', 'Brand', 'ag1', 'Core', 'acme shoes', 'exact', '2026-05-04', 'US', 33, 491, 29700000, 1.32, 66);
INSERT INTO gsc_query_daily (id, property_id, date, query, page, country, device, clicks, impressions, ctr, position) VALUES ('y217xy0d48fhwhv4556jc', 'iksfox5d3nidy68ldoy89v', '2026-05-04', 'acme support', 'https://acme.com/acme-support', 'us', 'desktop', 642, 1254, 0.5119617224880383, 1.0758565985729318);
INSERT INTO ads_keyword_daily (id, account_id, campaign_id, campaign_name, ad_group_id, ad_group_name, keyword, match_type, date, country, clicks, impressions, cost_micros, conversions, conversions_value) VALUES ('rvz70sbn789htmd90jrpiv', 'am9ikxb7bekih4erufmjk', 'c1', 'Brand', 'ag1', 'Core', 'acme support', 'exact', '2026-05-04', 'US', 41, 541, 8200000, 1.6400000000000001, 82);
INSERT INTO gsc_query_daily (id, property_id, date, query, page, country, device, clicks, impressions, ctr, position) VALUES ('fs7uxqten3rbl3qc1r3g', 'iksfox5d3nidy68ldoy89v', '2026-05-04', 'buy acme', 'https://acme.com/buy-acme', 'gb', 'desktop', 117, 1609, 0.07271597265382225, 4.404661795601648);
INSERT INTO ads_keyword_daily (id, account_id, campaign_id, campaign_name, ad_group_id, ad_group_name, keyword, match_type, date, country, clicks, impressions, cost_micros, conversions, conversions_value) VALUES ('1fzb3lrd0uwzve7jp8mlao', 'am9ikxb7bekih4erufmjk', 'c1', 'Brand', 'ag1', 'Core', 'buy acme', 'exact', '2026-05-04', 'GB', 9, 111, 12600000, 0.36, 18);
INSERT INTO gsc_query_daily (id, property_id, date, query, page, country, device, clicks, impressions, ctr, position) VALUES ('66010df5j6py6sr1i4gi8', 'iksfox5d3nidy68ldoy89v', '2026-05-04', 'cheap acme', 'https://acme.com/cheap-acme', 'us', 'desktop', 53, 1383, 0.038322487346348515, 7.329644491194911);
INSERT INTO ads_keyword_daily (id, account_id, campaign_id, campaign_name, ad_group_id, ad_group_name, keyword, match_type, date, country, clicks, impressions, cost_micros, conversions, conversions_value) VALUES ('9c3w8etmxolyt6b8a0ls4', 'am9ikxb7bekih4erufmjk', 'c1', 'Brand', 'ag1', 'Core', 'cheap acme', 'exact', '2026-05-04', 'US', 30, 361, 24000000, 1.2, 60);
INSERT INTO gsc_query_daily (id, property_id, date, query, page, country, device, clicks, impressions, ctr, position) VALUES ('zytzklo0qtp71jihs3im0s', 'iksfox5d3nidy68ldoy89v', '2026-05-04', 'best acme alternative', 'https://acme.com/best-acme-alternative', 'us', 'desktop', 69, 540, 0.12777777777777777, 3.215138197761334);
INSERT INTO ads_keyword_daily (id, account_id, campaign_id, campaign_name, ad_group_id, ad_group_name, keyword, match_type, date, country, clicks, impressions, cost_micros, conversions, conversions_value) VALUES ('z0ffyuauu7b9yngrns2c3', 'am9ikxb7bekih4erufmjk', 'c1', 'Brand', 'ag1', 'Core', 'best acme alternative', 'exact', '2026-05-04', 'US', 6, 87, 6600000, 0.24, 12);
INSERT INTO gsc_query_daily (id, property_id, date, query, page, country, device, clicks, impressions, ctr, position) VALUES ('fdbu6au7ue393y0pa7c3', 'iksfox5d3nidy68ldoy89v', '2026-05-03', 'acme', 'https://acme.com/acme', 'us', 'desktop', 635, 1621, 0.391733497840839, 1.1310305196220003);
INSERT INTO ads_keyword_daily (id, account_id, campaign_id, campaign_name, ad_group_id, ad_group_name, keyword, match_type, date, country, clicks, impressions, cost_micros, conversions, conversions_value) VALUES ('iqadiwwpd29n9rawxulhj', 'am9ikxb7bekih4erufmjk', 'c1', 'Brand', 'ag1', 'Core', 'acme', 'exact', '2026-05-03', 'US', 27, 326, 13500000, 1.08, 54);
INSERT INTO gsc_query_daily (id, property_id, date, query, page, country, device, clicks, impressions, ctr, position) VALUES ('hmqxcsbit3m5kza69cz78', 'iksfox5d3nidy68ldoy89v', '2026-05-03', 'acme shoes', 'https://acme.com/acme-shoes', 'us', 'desktop', 114, 330, 0.34545454545454546, 1.6503978611294507);
INSERT INTO ads_keyword_daily (id, account_id, campaign_id, campaign_name, ad_group_id, ad_group_name, keyword, match_type, date, country, clicks, impressions, cost_micros, conversions, conversions_value) VALUES ('wwjlu3ileuccffja0wr4cj', 'am9ikxb7bekih4erufmjk', 'c1', 'Brand', 'ag1', 'Core', 'acme shoes', 'exact', '2026-05-03', 'US', 58, 591, 52200000, 2.32, 115.99999999999999);
INSERT INTO gsc_query_daily (id, property_id, date, query, page, country, device, clicks, impressions, ctr, position) VALUES ('4rr2x1uvk89a31zj2ap9l', 'iksfox5d3nidy68ldoy89v', '2026-05-03', 'acme support', 'https://acme.com/acme-support', 'us', 'desktop', 205, 400, 0.5125, 0.8102936448161222);
INSERT INTO ads_keyword_daily (id, account_id, campaign_id, campaign_name, ad_group_id, ad_group_name, keyword, match_type, date, country, clicks, impressions, cost_micros, conversions, conversions_value) VALUES ('jbtjf4opmyvxe50oldc8s', 'am9ikxb7bekih4erufmjk', 'c1', 'Brand', 'ag1', 'Core', 'acme support', 'exact', '2026-05-03', 'US', 60, 609, 12000000, 2.4, 120);
INSERT INTO gsc_query_daily (id, property_id, date, query, page, country, device, clicks, impressions, ctr, position) VALUES ('mogbgyhvqe9e6xw6smf9j', 'iksfox5d3nidy68ldoy89v', '2026-05-03', 'buy acme', 'https://acme.com/buy-acme', 'gb', 'desktop', 107, 1415, 0.07561837455830389, 4.690131526094549);
INSERT INTO ads_keyword_daily (id, account_id, campaign_id, campaign_name, ad_group_id, ad_group_name, keyword, match_type, date, country, clicks, impressions, cost_micros, conversions, conversions_value) VALUES ('xu2f7vl9jknv129jn9twnl', 'am9ikxb7bekih4erufmjk', 'c1', 'Brand', 'ag1', 'Core', 'buy acme', 'exact', '2026-05-03', 'GB', 57, 655, 79800000, 2.2800000000000002, 114.00000000000001);
INSERT INTO gsc_query_daily (id, property_id, date, query, page, country, device, clicks, impressions, ctr, position) VALUES ('oolzgh6hj4oh3r4b1fdd', 'iksfox5d3nidy68ldoy89v', '2026-05-03', 'cheap acme', 'https://acme.com/cheap-acme', 'us', 'desktop', 45, 963, 0.04672897196261682, 7.281845365078476);
INSERT INTO ads_keyword_daily (id, account_id, campaign_id, campaign_name, ad_group_id, ad_group_name, keyword, match_type, date, country, clicks, impressions, cost_micros, conversions, conversions_value) VALUES ('8ezbph4cu1cmv80da2gq6', 'am9ikxb7bekih4erufmjk', 'c1', 'Brand', 'ag1', 'Core', 'cheap acme', 'exact', '2026-05-03', 'US', 61, 621, 48800000, 2.44, 122);
INSERT INTO gsc_query_daily (id, property_id, date, query, page, country, device, clicks, impressions, ctr, position) VALUES ('p63ovbnufzfllk3w5v1qj', 'iksfox5d3nidy68ldoy89v', '2026-05-03', 'best acme alternative', 'https://acme.com/best-acme-alternative', 'us', 'desktop', 144, 1057, 0.13623462630085148, 3.275420387893876);
INSERT INTO ads_keyword_daily (id, account_id, campaign_id, campaign_name, ad_group_id, ad_group_name, keyword, match_type, date, country, clicks, impressions, cost_micros, conversions, conversions_value) VALUES ('1ys5vji8juo1d0sdzjx60v', 'am9ikxb7bekih4erufmjk', 'c1', 'Brand', 'ag1', 'Core', 'best acme alternative', 'exact', '2026-05-03', 'US', 43, 492, 47300000, 1.72, 86);
INSERT INTO gsc_query_daily (id, property_id, date, query, page, country, device, clicks, impressions, ctr, position) VALUES ('0jvfep26wmfp0wxgqfjxg8b', 'iksfox5d3nidy68ldoy89v', '2026-05-02', 'acme', 'https://acme.com/acme', 'us', 'desktop', 476, 1402, 0.33951497860199714, 1.0244791050961202);
INSERT INTO ads_keyword_daily (id, account_id, campaign_id, campaign_name, ad_group_id, ad_group_name, keyword, match_type, date, country, clicks, impressions, cost_micros, conversions, conversions_value) VALUES ('tyourdx62wljjcbb02z7x', 'am9ikxb7bekih4erufmjk', 'c1', 'Brand', 'ag1', 'Core', 'acme', 'exact', '2026-05-02', 'US', 30, 412, 15000000, 1.2, 60);
INSERT INTO gsc_query_daily (id, property_id, date, query, page, country, device, clicks, impressions, ctr, position) VALUES ('bjp4odejs97ubxfchyg39', 'iksfox5d3nidy68ldoy89v', '2026-05-02', 'acme shoes', 'https://acme.com/acme-shoes', 'us', 'desktop', 508, 1497, 0.3393453573814295, 1.9184859898818514);
INSERT INTO ads_keyword_daily (id, account_id, campaign_id, campaign_name, ad_group_id, ad_group_name, keyword, match_type, date, country, clicks, impressions, cost_micros, conversions, conversions_value) VALUES ('t6qv9xflkldfw9rts4ekig', 'am9ikxb7bekih4erufmjk', 'c1', 'Brand', 'ag1', 'Core', 'acme shoes', 'exact', '2026-05-02', 'US', 13, 200, 11700000, 0.52, 26);
INSERT INTO gsc_query_daily (id, property_id, date, query, page, country, device, clicks, impressions, ctr, position) VALUES ('xg9pugh83anq2be2t9td9l', 'iksfox5d3nidy68ldoy89v', '2026-05-02', 'acme support', 'https://acme.com/acme-support', 'us', 'desktop', 624, 1021, 0.6111655239960823, 1.031251704827979);
INSERT INTO ads_keyword_daily (id, account_id, campaign_id, campaign_name, ad_group_id, ad_group_name, keyword, match_type, date, country, clicks, impressions, cost_micros, conversions, conversions_value) VALUES ('m282d9rpde3j3odqwcno5', 'am9ikxb7bekih4erufmjk', 'c1', 'Brand', 'ag1', 'Core', 'acme support', 'exact', '2026-05-02', 'US', 43, 555, 8600000, 1.72, 86);
INSERT INTO gsc_query_daily (id, property_id, date, query, page, country, device, clicks, impressions, ctr, position) VALUES ('gsucojvuevs6hzue1d02nv', 'iksfox5d3nidy68ldoy89v', '2026-05-02', 'buy acme', 'https://acme.com/buy-acme', 'gb', 'desktop', 93, 1121, 0.08296164139161463, 4.348612416976204);
INSERT INTO ads_keyword_daily (id, account_id, campaign_id, campaign_name, ad_group_id, ad_group_name, keyword, match_type, date, country, clicks, impressions, cost_micros, conversions, conversions_value) VALUES ('vfzpkldvffenggmcx1mi7', 'am9ikxb7bekih4erufmjk', 'c1', 'Brand', 'ag1', 'Core', 'buy acme', 'exact', '2026-05-02', 'GB', 45, 535, 63000000, 1.8, 90);
INSERT INTO gsc_query_daily (id, property_id, date, query, page, country, device, clicks, impressions, ctr, position) VALUES ('eabbuhmvag6dh9gqer944b', 'iksfox5d3nidy68ldoy89v', '2026-05-02', 'cheap acme', 'https://acme.com/cheap-acme', 'us', 'desktop', 13, 359, 0.036211699164345405, 7.242901259888842);
INSERT INTO ads_keyword_daily (id, account_id, campaign_id, campaign_name, ad_group_id, ad_group_name, keyword, match_type, date, country, clicks, impressions, cost_micros, conversions, conversions_value) VALUES ('3s18peqb2w2xd41vcpw1or', 'am9ikxb7bekih4erufmjk', 'c1', 'Brand', 'ag1', 'Core', 'cheap acme', 'exact', '2026-05-02', 'US', 25, 366, 20000000, 1, 50);
INSERT INTO gsc_query_daily (id, property_id, date, query, page, country, device, clicks, impressions, ctr, position) VALUES ('hez24edxdptu4uu061q', 'iksfox5d3nidy68ldoy89v', '2026-05-02', 'best acme alternative', 'https://acme.com/best-acme-alternative', 'us', 'desktop', 88, 750, 0.11733333333333333, 3.2594612591645693);
INSERT INTO ads_keyword_daily (id, account_id, campaign_id, campaign_name, ad_group_id, ad_group_name, keyword, match_type, date, country, clicks, impressions, cost_micros, conversions, conversions_value) VALUES ('8mi0c6rsgkp7q0x11zsr8i', 'am9ikxb7bekih4erufmjk', 'c1', 'Brand', 'ag1', 'Core', 'best acme alternative', 'exact', '2026-05-02', 'US', 16, 241, 17600000, 0.64, 32);
INSERT INTO gsc_query_daily (id, property_id, date, query, page, country, device, clicks, impressions, ctr, position) VALUES ('v3ly6ekegr95oor1ucolh', 'iksfox5d3nidy68ldoy89v', '2026-05-01', 'acme', 'https://acme.com/acme', 'us', 'desktop', 351, 777, 0.4517374517374517, 1.3319480553777021);
INSERT INTO ads_keyword_daily (id, account_id, campaign_id, campaign_name, ad_group_id, ad_group_name, keyword, match_type, date, country, clicks, impressions, cost_micros, conversions, conversions_value) VALUES ('319y3foluv120b5ptjbuup', 'am9ikxb7bekih4erufmjk', 'c1', 'Brand', 'ag1', 'Core', 'acme', 'exact', '2026-05-01', 'US', 33, 547, 16500000, 1.32, 66);
INSERT INTO gsc_query_daily (id, property_id, date, query, page, country, device, clicks, impressions, ctr, position) VALUES ('s5ghkn8kljsdcq81ia85n', 'iksfox5d3nidy68ldoy89v', '2026-05-01', 'acme shoes', 'https://acme.com/acme-shoes', 'us', 'desktop', 154, 572, 0.2692307692307692, 1.6217126658420526);
INSERT INTO ads_keyword_daily (id, account_id, campaign_id, campaign_name, ad_group_id, ad_group_name, keyword, match_type, date, country, clicks, impressions, cost_micros, conversions, conversions_value) VALUES ('dzpvipzkts45y8mbgk1hbm', 'am9ikxb7bekih4erufmjk', 'c1', 'Brand', 'ag1', 'Core', 'acme shoes', 'exact', '2026-05-01', 'US', 53, 663, 47700000, 2.12, 106);
INSERT INTO gsc_query_daily (id, property_id, date, query, page, country, device, clicks, impressions, ctr, position) VALUES ('dc0ggnm20rrh4i6ykgsmnh', 'iksfox5d3nidy68ldoy89v', '2026-05-01', 'acme support', 'https://acme.com/acme-support', 'us', 'desktop', 659, 1047, 0.6294173829990449, 0.909632176391041);
INSERT INTO ads_keyword_daily (id, account_id, campaign_id, campaign_name, ad_group_id, ad_group_name, keyword, match_type, date, country, clicks, impressions, cost_micros, conversions, conversions_value) VALUES ('snt8mmb8c16lz8eixdp5k', 'am9ikxb7bekih4erufmjk', 'c1', 'Brand', 'ag1', 'Core', 'acme support', 'exact', '2026-05-01', 'US', 23, 320, 4600000, 0.92, 46);
INSERT INTO gsc_query_daily (id, property_id, date, query, page, country, device, clicks, impressions, ctr, position) VALUES ('kbjpa9uddchc3vnfvgtpr', 'iksfox5d3nidy68ldoy89v', '2026-05-01', 'buy acme', 'https://acme.com/buy-acme', 'gb', 'desktop', 45, 692, 0.06502890173410404, 4.388917390105286);
INSERT INTO ads_keyword_daily (id, account_id, campaign_id, campaign_name, ad_group_id, ad_group_name, keyword, match_type, date, country, clicks, impressions, cost_micros, conversions, conversions_value) VALUES ('xnf1dr81enb3hj8dlxxxhj', 'am9ikxb7bekih4erufmjk', 'c1', 'Brand', 'ag1', 'Core', 'buy acme', 'exact', '2026-05-01', 'GB', 27, 325, 37800000, 1.08, 54);
INSERT INTO gsc_query_daily (id, property_id, date, query, page, country, device, clicks, impressions, ctr, position) VALUES ('t57te7zwmxoypsvnfsmpr', 'iksfox5d3nidy68ldoy89v', '2026-05-01', 'cheap acme', 'https://acme.com/cheap-acme', 'us', 'desktop', 38, 805, 0.04720496894409938, 7.186420169251786);
INSERT INTO ads_keyword_daily (id, account_id, campaign_id, campaign_name, ad_group_id, ad_group_name, keyword, match_type, date, country, clicks, impressions, cost_micros, conversions, conversions_value) VALUES ('767dn1b0gmv7ot3hir8bvt', 'am9ikxb7bekih4erufmjk', 'c1', 'Brand', 'ag1', 'Core', 'cheap acme', 'exact', '2026-05-01', 'US', 26, 350, 20800000, 1.04, 52);
INSERT INTO gsc_query_daily (id, property_id, date, query, page, country, device, clicks, impressions, ctr, position) VALUES ('zav18s62ttrv95bxxmxewm', 'iksfox5d3nidy68ldoy89v', '2026-05-01', 'best acme alternative', 'https://acme.com/best-acme-alternative', 'us', 'desktop', 68, 618, 0.11003236245954692, 3.2722152135328435);
INSERT INTO ads_keyword_daily (id, account_id, campaign_id, campaign_name, ad_group_id, ad_group_name, keyword, match_type, date, country, clicks, impressions, cost_micros, conversions, conversions_value) VALUES ('vkijoonwnsiuyau3raufd', 'am9ikxb7bekih4erufmjk', 'c1', 'Brand', 'ag1', 'Core', 'best acme alternative', 'exact', '2026-05-01', 'US', 34, 476, 37400000, 1.36, 68);
INSERT INTO gsc_query_daily (id, property_id, date, query, page, country, device, clicks, impressions, ctr, position) VALUES ('72lfkgpftqrnv4x41i2a6k', 'iksfox5d3nidy68ldoy89v', '2026-04-30', 'acme', 'https://acme.com/acme', 'us', 'desktop', 653, 1332, 0.49024024024024027, 1.0394551520694164);
INSERT INTO ads_keyword_daily (id, account_id, campaign_id, campaign_name, ad_group_id, ad_group_name, keyword, match_type, date, country, clicks, impressions, cost_micros, conversions, conversions_value) VALUES ('ibdgv1ade6ilmjuhbk5pxl', 'am9ikxb7bekih4erufmjk', 'c1', 'Brand', 'ag1', 'Core', 'acme', 'exact', '2026-04-30', 'US', 49, 659, 24500000, 1.96, 98);
INSERT INTO gsc_query_daily (id, property_id, date, query, page, country, device, clicks, impressions, ctr, position) VALUES ('rndavfmylhwzauhydo30s', 'iksfox5d3nidy68ldoy89v', '2026-04-30', 'acme shoes', 'https://acme.com/acme-shoes', 'us', 'desktop', 367, 1075, 0.3413953488372093, 1.816343910328);
INSERT INTO ads_keyword_daily (id, account_id, campaign_id, campaign_name, ad_group_id, ad_group_name, keyword, match_type, date, country, clicks, impressions, cost_micros, conversions, conversions_value) VALUES ('i4rpaunlvzztwm2f0ejil', 'am9ikxb7bekih4erufmjk', 'c1', 'Brand', 'ag1', 'Core', 'acme shoes', 'exact', '2026-04-30', 'US', 44, 518, 39600000, 1.76, 88);
INSERT INTO gsc_query_daily (id, property_id, date, query, page, country, device, clicks, impressions, ctr, position) VALUES ('p96f2kg4i1j0idg4y8j1hy7', 'iksfox5d3nidy68ldoy89v', '2026-04-30', 'acme support', 'https://acme.com/acme-support', 'us', 'desktop', 220, 352, 0.625, 0.8280161682227669);
INSERT INTO ads_keyword_daily (id, account_id, campaign_id, campaign_name, ad_group_id, ad_group_name, keyword, match_type, date, country, clicks, impressions, cost_micros, conversions, conversions_value) VALUES ('d5tu426gt49rsfqxta7aqd', 'am9ikxb7bekih4erufmjk', 'c1', 'Brand', 'ag1', 'Core', 'acme support', 'exact', '2026-04-30', 'US', 31, 441, 6200000, 1.24, 62);
INSERT INTO gsc_query_daily (id, property_id, date, query, page, country, device, clicks, impressions, ctr, position) VALUES ('lt9z2re1kjqkqi7ls6w5c', 'iksfox5d3nidy68ldoy89v', '2026-04-30', 'buy acme', 'https://acme.com/buy-acme', 'gb', 'desktop', 72, 1071, 0.06722689075630252, 4.604508294638286);
INSERT INTO ads_keyword_daily (id, account_id, campaign_id, campaign_name, ad_group_id, ad_group_name, keyword, match_type, date, country, clicks, impressions, cost_micros, conversions, conversions_value) VALUES ('s5cttxm1hvpxfa8ff2zq', 'am9ikxb7bekih4erufmjk', 'c1', 'Brand', 'ag1', 'Core', 'buy acme', 'exact', '2026-04-30', 'GB', 18, 241, 25200000, 0.72, 36);
INSERT INTO gsc_query_daily (id, property_id, date, query, page, country, device, clicks, impressions, ctr, position) VALUES ('y051oqdop4952sul7tqb5', 'iksfox5d3nidy68ldoy89v', '2026-04-30', 'cheap acme', 'https://acme.com/cheap-acme', 'us', 'desktop', 55, 1337, 0.04113687359760658, 7.052664068616895);
INSERT INTO ads_keyword_daily (id, account_id, campaign_id, campaign_name, ad_group_id, ad_group_name, keyword, match_type, date, country, clicks, impressions, cost_micros, conversions, conversions_value) VALUES ('zkqymcpinhfij7djmegf', 'am9ikxb7bekih4erufmjk', 'c1', 'Brand', 'ag1', 'Core', 'cheap acme', 'exact', '2026-04-30', 'US', 17, 266, 13600000, 0.68, 34);
INSERT INTO gsc_query_daily (id, property_id, date, query, page, country, device, clicks, impressions, ctr, position) VALUES ('7xllqeshxwry7ysojf375', 'iksfox5d3nidy68ldoy89v', '2026-04-30', 'best acme alternative', 'https://acme.com/best-acme-alternative', 'us', 'desktop', 171, 1336, 0.1279940119760479, 2.9459519562581367);
INSERT INTO ads_keyword_daily (id, account_id, campaign_id, campaign_name, ad_group_id, ad_group_name, keyword, match_type, date, country, clicks, impressions, cost_micros, conversions, conversions_value) VALUES ('ca89c0k6ji5546f0681s6o', 'am9ikxb7bekih4erufmjk', 'c1', 'Brand', 'ag1', 'Core', 'best acme alternative', 'exact', '2026-04-30', 'US', 24, 287, 26400000, 0.96, 48);
INSERT INTO gsc_query_daily (id, property_id, date, query, page, country, device, clicks, impressions, ctr, position) VALUES ('ilwn01bn9bl1fuiiozicd', 'iksfox5d3nidy68ldoy89v', '2026-04-29', 'acme', 'https://acme.com/acme', 'us', 'desktop', 608, 1362, 0.44640234948604995, 1.2806891267027798);
INSERT INTO ads_keyword_daily (id, account_id, campaign_id, campaign_name, ad_group_id, ad_group_name, keyword, match_type, date, country, clicks, impressions, cost_micros, conversions, conversions_value) VALUES ('nw4k03nzy7d3mkj1yh6rtb', 'am9ikxb7bekih4erufmjk', 'c1', 'Brand', 'ag1', 'Core', 'acme', 'exact', '2026-04-29', 'US', 18, 255, 9000000, 0.72, 36);
INSERT INTO gsc_query_daily (id, property_id, date, query, page, country, device, clicks, impressions, ctr, position) VALUES ('yecq9gxwikeeqboy8kiwn', 'iksfox5d3nidy68ldoy89v', '2026-04-29', 'acme shoes', 'https://acme.com/acme-shoes', 'us', 'desktop', 550, 1660, 0.3313253012048193, 1.8256536011587978);
INSERT INTO ads_keyword_daily (id, account_id, campaign_id, campaign_name, ad_group_id, ad_group_name, keyword, match_type, date, country, clicks, impressions, cost_micros, conversions, conversions_value) VALUES ('g8zpc38cf3aqdlvb7r0cpp', 'am9ikxb7bekih4erufmjk', 'c1', 'Brand', 'ag1', 'Core', 'acme shoes', 'exact', '2026-04-29', 'US', 46, 464, 41400000, 1.84, 92);
INSERT INTO gsc_query_daily (id, property_id, date, query, page, country, device, clicks, impressions, ctr, position) VALUES ('et0c0af8qogvaajnxxhvnn', 'iksfox5d3nidy68ldoy89v', '2026-04-29', 'acme support', 'https://acme.com/acme-support', 'us', 'desktop', 129, 284, 0.45422535211267606, 1.0104916664813641);
INSERT INTO ads_keyword_daily (id, account_id, campaign_id, campaign_name, ad_group_id, ad_group_name, keyword, match_type, date, country, clicks, impressions, cost_micros, conversions, conversions_value) VALUES ('zkypl32jzpk70mxhp2pxm9', 'am9ikxb7bekih4erufmjk', 'c1', 'Brand', 'ag1', 'Core', 'acme support', 'exact', '2026-04-29', 'US', 57, 619, 11400000, 2.2800000000000002, 114.00000000000001);
INSERT INTO gsc_query_daily (id, property_id, date, query, page, country, device, clicks, impressions, ctr, position) VALUES ('v2h1c2s8sy1d8s7kalm7a', 'iksfox5d3nidy68ldoy89v', '2026-04-29', 'buy acme', 'https://acme.com/buy-acme', 'gb', 'desktop', 22, 231, 0.09523809523809523, 4.525955451611714);
INSERT INTO ads_keyword_daily (id, account_id, campaign_id, campaign_name, ad_group_id, ad_group_name, keyword, match_type, date, country, clicks, impressions, cost_micros, conversions, conversions_value) VALUES ('75sdpgphxriropbt7vf59s', 'am9ikxb7bekih4erufmjk', 'c1', 'Brand', 'ag1', 'Core', 'buy acme', 'exact', '2026-04-29', 'GB', 16, 199, 22400000, 0.64, 32);
INSERT INTO gsc_query_daily (id, property_id, date, query, page, country, device, clicks, impressions, ctr, position) VALUES ('53gla6k9dmt6t4orp2xdw7', 'iksfox5d3nidy68ldoy89v', '2026-04-29', 'cheap acme', 'https://acme.com/cheap-acme', 'us', 'desktop', 58, 1553, 0.03734707018673535, 7.398296638344171);
INSERT INTO ads_keyword_daily (id, account_id, campaign_id, campaign_name, ad_group_id, ad_group_name, keyword, match_type, date, country, clicks, impressions, cost_micros, conversions, conversions_value) VALUES ('2sc9xuz658yc3a2dfyitoa', 'am9ikxb7bekih4erufmjk', 'c1', 'Brand', 'ag1', 'Core', 'cheap acme', 'exact', '2026-04-29', 'US', 42, 448, 33600000, 1.68, 84);
INSERT INTO gsc_query_daily (id, property_id, date, query, page, country, device, clicks, impressions, ctr, position) VALUES ('55j7b0vwoilvgo2u0at67d', 'iksfox5d3nidy68ldoy89v', '2026-04-29', 'best acme alternative', 'https://acme.com/best-acme-alternative', 'us', 'desktop', 127, 1246, 0.10192616372391654, 2.9864083193882633);
INSERT INTO ads_keyword_daily (id, account_id, campaign_id, campaign_name, ad_group_id, ad_group_name, keyword, match_type, date, country, clicks, impressions, cost_micros, conversions, conversions_value) VALUES ('v2kpxtcedrsqg0wq7k89xb', 'am9ikxb7bekih4erufmjk', 'c1', 'Brand', 'ag1', 'Core', 'best acme alternative', 'exact', '2026-04-29', 'US', 31, 345, 34100000, 1.24, 62);
INSERT INTO gsc_query_daily (id, property_id, date, query, page, country, device, clicks, impressions, ctr, position) VALUES ('k7cnvmdc1brvfxd5ea1end', 'iksfox5d3nidy68ldoy89v', '2026-04-28', 'acme', 'https://acme.com/acme', 'us', 'desktop', 287, 630, 0.45555555555555555, 1.2294953916331197);
INSERT INTO ads_keyword_daily (id, account_id, campaign_id, campaign_name, ad_group_id, ad_group_name, keyword, match_type, date, country, clicks, impressions, cost_micros, conversions, conversions_value) VALUES ('auii8l2z59bw9zjdjqxmkh', 'am9ikxb7bekih4erufmjk', 'c1', 'Brand', 'ag1', 'Core', 'acme', 'exact', '2026-04-28', 'US', 45, 456, 22500000, 1.8, 90);
INSERT INTO gsc_query_daily (id, property_id, date, query, page, country, device, clicks, impressions, ctr, position) VALUES ('up2xbsu0z6kt7ftksyopdi', 'iksfox5d3nidy68ldoy89v', '2026-04-28', 'acme shoes', 'https://acme.com/acme-shoes', 'us', 'desktop', 269, 915, 0.2939890710382514, 1.8748908389524412);
INSERT INTO ads_keyword_daily (id, account_id, campaign_id, campaign_name, ad_group_id, ad_group_name, keyword, match_type, date, country, clicks, impressions, cost_micros, conversions, conversions_value) VALUES ('bhc72u9ow8mtekqjyl6a9', 'am9ikxb7bekih4erufmjk', 'c1', 'Brand', 'ag1', 'Core', 'acme shoes', 'exact', '2026-04-28', 'US', 38, 470, 34200000, 1.52, 76);
INSERT INTO gsc_query_daily (id, property_id, date, query, page, country, device, clicks, impressions, ctr, position) VALUES ('4wwviioatecmx40fgp5sn', 'iksfox5d3nidy68ldoy89v', '2026-04-28', 'acme support', 'https://acme.com/acme-support', 'us', 'desktop', 852, 1680, 0.5071428571428571, 1.1480903934523083);
INSERT INTO ads_keyword_daily (id, account_id, campaign_id, campaign_name, ad_group_id, ad_group_name, keyword, match_type, date, country, clicks, impressions, cost_micros, conversions, conversions_value) VALUES ('axve48uoj63yq53rfmgdp', 'am9ikxb7bekih4erufmjk', 'c1', 'Brand', 'ag1', 'Core', 'acme support', 'exact', '2026-04-28', 'US', 29, 429, 5800000, 1.16, 57.99999999999999);
INSERT INTO gsc_query_daily (id, property_id, date, query, page, country, device, clicks, impressions, ctr, position) VALUES ('3ny3wt77zlznuvelobe44k', 'iksfox5d3nidy68ldoy89v', '2026-04-28', 'buy acme', 'https://acme.com/buy-acme', 'gb', 'desktop', 49, 640, 0.0765625, 4.405663248926128);
INSERT INTO ads_keyword_daily (id, account_id, campaign_id, campaign_name, ad_group_id, ad_group_name, keyword, match_type, date, country, clicks, impressions, cost_micros, conversions, conversions_value) VALUES ('ja9jq8ks4uu6o6xumi3m', 'am9ikxb7bekih4erufmjk', 'c1', 'Brand', 'ag1', 'Core', 'buy acme', 'exact', '2026-04-28', 'GB', 22, 298, 30800000, 0.88, 44);
INSERT INTO gsc_query_daily (id, property_id, date, query, page, country, device, clicks, impressions, ctr, position) VALUES ('uafohjzkepfhncfzs5xkkp', 'iksfox5d3nidy68ldoy89v', '2026-04-28', 'cheap acme', 'https://acme.com/cheap-acme', 'us', 'desktop', 69, 1494, 0.04618473895582329, 7.315545958855571);
INSERT INTO ads_keyword_daily (id, account_id, campaign_id, campaign_name, ad_group_id, ad_group_name, keyword, match_type, date, country, clicks, impressions, cost_micros, conversions, conversions_value) VALUES ('jdje4c40bcmznwj1m3zy', 'am9ikxb7bekih4erufmjk', 'c1', 'Brand', 'ag1', 'Core', 'cheap acme', 'exact', '2026-04-28', 'US', 39, 460, 31200000, 1.56, 78);
INSERT INTO gsc_query_daily (id, property_id, date, query, page, country, device, clicks, impressions, ctr, position) VALUES ('ocpw9akg8bes4hbzeu78', 'iksfox5d3nidy68ldoy89v', '2026-04-28', 'best acme alternative', 'https://acme.com/best-acme-alternative', 'us', 'desktop', 72, 658, 0.1094224924012158, 3.2950937377157805);
INSERT INTO ads_keyword_daily (id, account_id, campaign_id, campaign_name, ad_group_id, ad_group_name, keyword, match_type, date, country, clicks, impressions, cost_micros, conversions, conversions_value) VALUES ('wx2gfuo2ed8ro8uf70k92', 'am9ikxb7bekih4erufmjk', 'c1', 'Brand', 'ag1', 'Core', 'best acme alternative', 'exact', '2026-04-28', 'US', 54, 592, 59400000, 2.16, 108);
INSERT INTO gsc_query_daily (id, property_id, date, query, page, country, device, clicks, impressions, ctr, position) VALUES ('adl5o4bl3q38w7xif3trj', 'iksfox5d3nidy68ldoy89v', '2026-04-27', 'acme', 'https://acme.com/acme', 'us', 'desktop', 442, 1271, 0.34775767112509837, 1.1879044127874419);
INSERT INTO ads_keyword_daily (id, account_id, campaign_id, campaign_name, ad_group_id, ad_group_name, keyword, match_type, date, country, clicks, impressions, cost_micros, conversions, conversions_value) VALUES ('0j5qho8iu1rb69twg085saw', 'am9ikxb7bekih4erufmjk', 'c1', 'Brand', 'ag1', 'Core', 'acme', 'exact', '2026-04-27', 'US', 55, 653, 27500000, 2.2, 110.00000000000001);
INSERT INTO gsc_query_daily (id, property_id, date, query, page, country, device, clicks, impressions, ctr, position) VALUES ('aix07dby4aa52rw94j7al2', 'iksfox5d3nidy68ldoy89v', '2026-04-27', 'acme shoes', 'https://acme.com/acme-shoes', 'us', 'desktop', 395, 1591, 0.2482715273412948, 1.875903600145606);
INSERT INTO ads_keyword_daily (id, account_id, campaign_id, campaign_name, ad_group_id, ad_group_name, keyword, match_type, date, country, clicks, impressions, cost_micros, conversions, conversions_value) VALUES ('9hhpzlveur9sjf203y8bc', 'am9ikxb7bekih4erufmjk', 'c1', 'Brand', 'ag1', 'Core', 'acme shoes', 'exact', '2026-04-27', 'US', 56, 637, 50400000, 2.24, 112.00000000000001);
INSERT INTO gsc_query_daily (id, property_id, date, query, page, country, device, clicks, impressions, ctr, position) VALUES ('hlqq0mel3noxj43mrds9vp', 'iksfox5d3nidy68ldoy89v', '2026-04-27', 'acme support', 'https://acme.com/acme-support', 'us', 'desktop', 423, 810, 0.5222222222222223, 0.9061633975592179);
INSERT INTO ads_keyword_daily (id, account_id, campaign_id, campaign_name, ad_group_id, ad_group_name, keyword, match_type, date, country, clicks, impressions, cost_micros, conversions, conversions_value) VALUES ('00tlv238yynw026cprjgwjvl', 'am9ikxb7bekih4erufmjk', 'c1', 'Brand', 'ag1', 'Core', 'acme support', 'exact', '2026-04-27', 'US', 54, 619, 10800000, 2.16, 108);
INSERT INTO gsc_query_daily (id, property_id, date, query, page, country, device, clicks, impressions, ctr, position) VALUES ('0p66mjhdwk5o3n42xhxvgc', 'iksfox5d3nidy68ldoy89v', '2026-04-27', 'buy acme', 'https://acme.com/buy-acme', 'gb', 'desktop', 96, 1117, 0.08594449418084155, 4.510544212376374);
INSERT INTO ads_keyword_daily (id, account_id, campaign_id, campaign_name, ad_group_id, ad_group_name, keyword, match_type, date, country, clicks, impressions, cost_micros, conversions, conversions_value) VALUES ('2qo79qrqgqku7p14viy8q', 'am9ikxb7bekih4erufmjk', 'c1', 'Brand', 'ag1', 'Core', 'buy acme', 'exact', '2026-04-27', 'GB', 64, 675, 89600000, 2.56, 128);
INSERT INTO gsc_query_daily (id, property_id, date, query, page, country, device, clicks, impressions, ctr, position) VALUES ('f8i2i1rvu3wwambojnvw18', 'iksfox5d3nidy68ldoy89v', '2026-04-27', 'cheap acme', 'https://acme.com/cheap-acme', 'us', 'desktop', 36, 823, 0.04374240583232078, 7.153004641845354);
INSERT INTO ads_keyword_daily (id, account_id, campaign_id, campaign_name, ad_group_id, ad_group_name, keyword, match_type, date, country, clicks, impressions, cost_micros, conversions, conversions_value) VALUES ('zc0im5mxipp785v2hes7', 'am9ikxb7bekih4erufmjk', 'c1', 'Brand', 'ag1', 'Core', 'cheap acme', 'exact', '2026-04-27', 'US', 32, 328, 25600000, 1.28, 64);
INSERT INTO gsc_query_daily (id, property_id, date, query, page, country, device, clicks, impressions, ctr, position) VALUES ('f06z6lbmfg6g86059ke1c4', 'iksfox5d3nidy68ldoy89v', '2026-04-27', 'best acme alternative', 'https://acme.com/best-acme-alternative', 'us', 'desktop', 174, 1544, 0.11269430051813471, 3.144956184380825);
INSERT INTO ads_keyword_daily (id, account_id, campaign_id, campaign_name, ad_group_id, ad_group_name, keyword, match_type, date, country, clicks, impressions, cost_micros, conversions, conversions_value) VALUES ('km1kbd7fgdsikj67qsqbu', 'am9ikxb7bekih4erufmjk', 'c1', 'Brand', 'ag1', 'Core', 'best acme alternative', 'exact', '2026-04-27', 'US', 32, 513, 35200000, 1.28, 64);
INSERT INTO serp_snapshots (id, brand_term_id, query, country, language, device, fetched_at, cost_usd, source) VALUES ('4vu8vd8g1ki8h2s9enmagy', 'wcu5e8d1hmcxy8uvp6z2e', 'acme', 'US', 'en', 'desktop', 1779834909271, 0.0025, 'dataforseo');
INSERT INTO serp_organic (id, snapshot_id, position, domain, url) VALUES ('lvnon9fsdeyergee0apsn', '4vu8vd8g1ki8h2s9enmagy', 1, 'acme.com', 'https://acme.com/');
INSERT INTO serp_organic (id, snapshot_id, position, domain) VALUES ('0964agp4o2uxkv7l53zk12', '4vu8vd8g1ki8h2s9enmagy', 2, 'wikipedia.org');
INSERT INTO serp_snapshots (id, brand_term_id, query, country, language, device, fetched_at, cost_usd, source) VALUES ('fugu1pr4fgm2oa9xq128gx', '5vgmm5i7iq3s6ws9sitnfr', 'acme shoes', 'US', 'en', 'desktop', 1779834909271, 0.0025, 'dataforseo');
INSERT INTO serp_organic (id, snapshot_id, position, domain, url) VALUES ('wvrjunn8drl9aucslfnmgg', 'fugu1pr4fgm2oa9xq128gx', 1, 'acme.com', 'https://acme.com/');
INSERT INTO serp_organic (id, snapshot_id, position, domain) VALUES ('v5en31l4q0koox2e8139a', 'fugu1pr4fgm2oa9xq128gx', 2, 'wikipedia.org');
INSERT INTO serp_snapshots (id, brand_term_id, query, country, language, device, fetched_at, cost_usd, source) VALUES ('a5m72sjgwlkn7hpbb2ggig', '0cyvc0zy1vwqgppcvii360e', 'acme support', 'US', 'en', 'desktop', 1779834909271, 0.0025, 'dataforseo');
INSERT INTO serp_organic (id, snapshot_id, position, domain, url) VALUES ('leqdoypszbplwzg0ezyni', 'a5m72sjgwlkn7hpbb2ggig', 1, 'acme.com', 'https://acme.com/');
INSERT INTO serp_organic (id, snapshot_id, position, domain) VALUES ('9j5nnhvfrrczee9g5tzm6l', 'a5m72sjgwlkn7hpbb2ggig', 2, 'wikipedia.org');
INSERT INTO serp_snapshots (id, brand_term_id, query, country, language, device, fetched_at, cost_usd, source) VALUES ('rvf4mjyd469v5mzi7lfmf', '50nhbzxa7dsc6r24zuh5xi', 'buy acme', 'GB', 'en', 'desktop', 1779834909271, 0.0025, 'dataforseo');
INSERT INTO serp_organic (id, snapshot_id, position, domain, url) VALUES ('1i08k0zjt0n3isqaztyfbc', 'rvf4mjyd469v5mzi7lfmf', 1, 'acme.com', 'https://acme.com/');
INSERT INTO serp_organic (id, snapshot_id, position, domain) VALUES ('8928uu5kzhsloxhuq1mfzj', 'rvf4mjyd469v5mzi7lfmf', 2, 'wikipedia.org');
INSERT INTO serp_ads (id, snapshot_id, position, advertiser_domain, title) VALUES ('t8l9yjhoyt01c8fwn0d8', 'rvf4mjyd469v5mzi7lfmf', 1, 'competitor-a.com', 'Buy Acme — better deals');
INSERT INTO serp_ads (id, snapshot_id, position, advertiser_domain, title) VALUES ('qyxcdn3jnrslukl4yjpkc8', 'rvf4mjyd469v5mzi7lfmf', 2, 'competitor-b.com', 'Acme alternatives');
INSERT INTO serp_snapshots (id, brand_term_id, query, country, language, device, fetched_at, cost_usd, source) VALUES ('ekpsn8o1bld5q3itp59id7', 'wcu5e8d1hmcxy8uvp6z2e', 'acme', 'US', 'en', 'desktop', 1779748509271, 0.0025, 'dataforseo');
INSERT INTO serp_organic (id, snapshot_id, position, domain, url) VALUES ('33u85cpwmmegw01zkx9wk', 'ekpsn8o1bld5q3itp59id7', 1, 'acme.com', 'https://acme.com/');
INSERT INTO serp_organic (id, snapshot_id, position, domain) VALUES ('l1rugehq8wkcs3mgimoa9', 'ekpsn8o1bld5q3itp59id7', 2, 'wikipedia.org');
INSERT INTO serp_snapshots (id, brand_term_id, query, country, language, device, fetched_at, cost_usd, source) VALUES ('vkykpftayzlrqryvrflh5n', '5vgmm5i7iq3s6ws9sitnfr', 'acme shoes', 'US', 'en', 'desktop', 1779748509271, 0.0025, 'dataforseo');
INSERT INTO serp_organic (id, snapshot_id, position, domain, url) VALUES ('63qt0nw9k4o89r806idvhb', 'vkykpftayzlrqryvrflh5n', 1, 'acme.com', 'https://acme.com/');
INSERT INTO serp_organic (id, snapshot_id, position, domain) VALUES ('rd5v07034grv4w99vuwlnp', 'vkykpftayzlrqryvrflh5n', 2, 'wikipedia.org');
INSERT INTO serp_snapshots (id, brand_term_id, query, country, language, device, fetched_at, cost_usd, source) VALUES ('wbd7bkyl2rfifwx0bluojj', '0cyvc0zy1vwqgppcvii360e', 'acme support', 'US', 'en', 'desktop', 1779748509271, 0.0025, 'dataforseo');
INSERT INTO serp_organic (id, snapshot_id, position, domain, url) VALUES ('sdey62ewynuji4ovowy7', 'wbd7bkyl2rfifwx0bluojj', 1, 'acme.com', 'https://acme.com/');
INSERT INTO serp_organic (id, snapshot_id, position, domain) VALUES ('7wwbvig725vqrk54x6gt2', 'wbd7bkyl2rfifwx0bluojj', 2, 'wikipedia.org');
INSERT INTO serp_snapshots (id, brand_term_id, query, country, language, device, fetched_at, cost_usd, source) VALUES ('6l3vx3emphquzxs9bqb0y', '50nhbzxa7dsc6r24zuh5xi', 'buy acme', 'GB', 'en', 'desktop', 1779748509271, 0.0025, 'dataforseo');
INSERT INTO serp_organic (id, snapshot_id, position, domain, url) VALUES ('qhhlsxkih9a14cggez16gl', '6l3vx3emphquzxs9bqb0y', 1, 'acme.com', 'https://acme.com/');
INSERT INTO serp_organic (id, snapshot_id, position, domain) VALUES ('zfcmgskrkyit9i362tphle', '6l3vx3emphquzxs9bqb0y', 2, 'wikipedia.org');
INSERT INTO serp_ads (id, snapshot_id, position, advertiser_domain, title) VALUES ('2264g1mkab53ojbvx0ujd3', '6l3vx3emphquzxs9bqb0y', 1, 'competitor-a.com', 'Buy Acme — better deals');
INSERT INTO serp_ads (id, snapshot_id, position, advertiser_domain, title) VALUES ('x4l7ua0o6wa58lfam4qfl', '6l3vx3emphquzxs9bqb0y', 2, 'competitor-b.com', 'Acme alternatives');
INSERT INTO serp_snapshots (id, brand_term_id, query, country, language, device, fetched_at, cost_usd, source) VALUES ('w0qdfjtxazxpft66kvtva', 'wcu5e8d1hmcxy8uvp6z2e', 'acme', 'US', 'en', 'desktop', 1779662109271, 0.0025, 'dataforseo');
INSERT INTO serp_organic (id, snapshot_id, position, domain, url) VALUES ('smnyb44xnziqi6m9yk7z4p', 'w0qdfjtxazxpft66kvtva', 1, 'acme.com', 'https://acme.com/');
INSERT INTO serp_organic (id, snapshot_id, position, domain) VALUES ('wozcyb2hz5jvjr6i84rdlc', 'w0qdfjtxazxpft66kvtva', 2, 'wikipedia.org');
INSERT INTO serp_snapshots (id, brand_term_id, query, country, language, device, fetched_at, cost_usd, source) VALUES ('vn48v2pqn3e9c9lzel2s7u', '5vgmm5i7iq3s6ws9sitnfr', 'acme shoes', 'US', 'en', 'desktop', 1779662109271, 0.0025, 'dataforseo');
INSERT INTO serp_organic (id, snapshot_id, position, domain, url) VALUES ('5yjhwpkgfzsn58tc5feze', 'vn48v2pqn3e9c9lzel2s7u', 1, 'acme.com', 'https://acme.com/');
INSERT INTO serp_organic (id, snapshot_id, position, domain) VALUES ('ptsocrwn45d1mqpomo846c', 'vn48v2pqn3e9c9lzel2s7u', 2, 'wikipedia.org');
INSERT INTO serp_snapshots (id, brand_term_id, query, country, language, device, fetched_at, cost_usd, source) VALUES ('28ezvyfoaspt8f744a60u', '0cyvc0zy1vwqgppcvii360e', 'acme support', 'US', 'en', 'desktop', 1779662109271, 0.0025, 'dataforseo');
INSERT INTO serp_organic (id, snapshot_id, position, domain, url) VALUES ('cdrl3w0at8f3t9bqua3ddw', '28ezvyfoaspt8f744a60u', 1, 'acme.com', 'https://acme.com/');
INSERT INTO serp_organic (id, snapshot_id, position, domain) VALUES ('skt4jncng3xc5cjelzw2h', '28ezvyfoaspt8f744a60u', 2, 'wikipedia.org');
INSERT INTO serp_snapshots (id, brand_term_id, query, country, language, device, fetched_at, cost_usd, source) VALUES ('8bjrvrk0volb2cklignren', '50nhbzxa7dsc6r24zuh5xi', 'buy acme', 'GB', 'en', 'desktop', 1779662109271, 0.0025, 'dataforseo');
INSERT INTO serp_organic (id, snapshot_id, position, domain, url) VALUES ('7k4e0o1uzbn13h2zt8w5n', '8bjrvrk0volb2cklignren', 1, 'acme.com', 'https://acme.com/');
INSERT INTO serp_organic (id, snapshot_id, position, domain) VALUES ('4ovrsxkjzyju5k1nlozran', '8bjrvrk0volb2cklignren', 2, 'wikipedia.org');
INSERT INTO serp_ads (id, snapshot_id, position, advertiser_domain, title) VALUES ('tesmatdwcpo3d25638t314', '8bjrvrk0volb2cklignren', 1, 'competitor-a.com', 'Buy Acme — better deals');
INSERT INTO serp_ads (id, snapshot_id, position, advertiser_domain, title) VALUES ('itw0544nl9btbqt2at5cm', '8bjrvrk0volb2cklignren', 2, 'competitor-b.com', 'Acme alternatives');
INSERT INTO serp_snapshots (id, brand_term_id, query, country, language, device, fetched_at, cost_usd, source) VALUES ('ssnv8mr4fzm85lne7tv3o5', 'wcu5e8d1hmcxy8uvp6z2e', 'acme', 'US', 'en', 'desktop', 1779575709271, 0.0025, 'dataforseo');
INSERT INTO serp_organic (id, snapshot_id, position, domain, url) VALUES ('pq3ictdpbeqbqg667lq3', 'ssnv8mr4fzm85lne7tv3o5', 1, 'acme.com', 'https://acme.com/');
INSERT INTO serp_organic (id, snapshot_id, position, domain) VALUES ('p3o9aggumnfksi4y9m2hk', 'ssnv8mr4fzm85lne7tv3o5', 2, 'wikipedia.org');
INSERT INTO serp_snapshots (id, brand_term_id, query, country, language, device, fetched_at, cost_usd, source) VALUES ('6rwmb4p1amgyil6262fr8n', '5vgmm5i7iq3s6ws9sitnfr', 'acme shoes', 'US', 'en', 'desktop', 1779575709271, 0.0025, 'dataforseo');
INSERT INTO serp_organic (id, snapshot_id, position, domain, url) VALUES ('q8526cm253cq0f4l33bfu', '6rwmb4p1amgyil6262fr8n', 1, 'acme.com', 'https://acme.com/');
INSERT INTO serp_organic (id, snapshot_id, position, domain) VALUES ('wuck98noo8gdoxm68424vi', '6rwmb4p1amgyil6262fr8n', 2, 'wikipedia.org');
INSERT INTO serp_snapshots (id, brand_term_id, query, country, language, device, fetched_at, cost_usd, source) VALUES ('7m0w3k971wne5js9hmobfj', '0cyvc0zy1vwqgppcvii360e', 'acme support', 'US', 'en', 'desktop', 1779575709271, 0.0025, 'dataforseo');
INSERT INTO serp_organic (id, snapshot_id, position, domain, url) VALUES ('vlxzi5pq43mdqgsccfofl', '7m0w3k971wne5js9hmobfj', 1, 'acme.com', 'https://acme.com/');
INSERT INTO serp_organic (id, snapshot_id, position, domain) VALUES ('3vq9iwmcm5d6blc0czu5k', '7m0w3k971wne5js9hmobfj', 2, 'wikipedia.org');
INSERT INTO serp_snapshots (id, brand_term_id, query, country, language, device, fetched_at, cost_usd, source) VALUES ('btqv03sjh1mubh2diwbims', '50nhbzxa7dsc6r24zuh5xi', 'buy acme', 'GB', 'en', 'desktop', 1779575709271, 0.0025, 'dataforseo');
INSERT INTO serp_organic (id, snapshot_id, position, domain, url) VALUES ('yl8donbwxvohym51radk98', 'btqv03sjh1mubh2diwbims', 1, 'acme.com', 'https://acme.com/');
INSERT INTO serp_organic (id, snapshot_id, position, domain) VALUES ('2zohiucorarhk3fywftqhv', 'btqv03sjh1mubh2diwbims', 2, 'wikipedia.org');
INSERT INTO serp_ads (id, snapshot_id, position, advertiser_domain, title) VALUES ('jody8w8apu4vwloy84mux', 'btqv03sjh1mubh2diwbims', 1, 'competitor-a.com', 'Buy Acme — better deals');
INSERT INTO serp_ads (id, snapshot_id, position, advertiser_domain, title) VALUES ('6ba8xl2gpf9x9fi3fvxc4i', 'btqv03sjh1mubh2diwbims', 2, 'competitor-b.com', 'Acme alternatives');
INSERT INTO serp_snapshots (id, brand_term_id, query, country, language, device, fetched_at, cost_usd, source) VALUES ('5v0d801tf1d9neriqo818', 'wcu5e8d1hmcxy8uvp6z2e', 'acme', 'US', 'en', 'desktop', 1779489309271, 0.0025, 'dataforseo');
INSERT INTO serp_organic (id, snapshot_id, position, domain, url) VALUES ('zxee432km472hwb9zcdk7', '5v0d801tf1d9neriqo818', 1, 'acme.com', 'https://acme.com/');
INSERT INTO serp_organic (id, snapshot_id, position, domain) VALUES ('m26wk1e5w9quthuo8u2mm', '5v0d801tf1d9neriqo818', 2, 'wikipedia.org');
INSERT INTO serp_snapshots (id, brand_term_id, query, country, language, device, fetched_at, cost_usd, source) VALUES ('ui4qp08do0qgkl5qp1go9h', '5vgmm5i7iq3s6ws9sitnfr', 'acme shoes', 'US', 'en', 'desktop', 1779489309271, 0.0025, 'dataforseo');
INSERT INTO serp_organic (id, snapshot_id, position, domain, url) VALUES ('wmnwoze5k7b440svac48qp', 'ui4qp08do0qgkl5qp1go9h', 1, 'acme.com', 'https://acme.com/');
INSERT INTO serp_organic (id, snapshot_id, position, domain) VALUES ('cakm8xd5ax9wqxlenrtynh', 'ui4qp08do0qgkl5qp1go9h', 2, 'wikipedia.org');
INSERT INTO serp_snapshots (id, brand_term_id, query, country, language, device, fetched_at, cost_usd, source) VALUES ('eitmlel1f2t2gwqa8vdjte', '0cyvc0zy1vwqgppcvii360e', 'acme support', 'US', 'en', 'desktop', 1779489309271, 0.0025, 'dataforseo');
INSERT INTO serp_organic (id, snapshot_id, position, domain, url) VALUES ('8hfk47vuclrd1guq1onb3s', 'eitmlel1f2t2gwqa8vdjte', 1, 'acme.com', 'https://acme.com/');
INSERT INTO serp_organic (id, snapshot_id, position, domain) VALUES ('rpq7xr1fv2lnzzh5gw0fb', 'eitmlel1f2t2gwqa8vdjte', 2, 'wikipedia.org');
INSERT INTO serp_snapshots (id, brand_term_id, query, country, language, device, fetched_at, cost_usd, source) VALUES ('yxrxn8hmsu748tkn6505g6', '50nhbzxa7dsc6r24zuh5xi', 'buy acme', 'GB', 'en', 'desktop', 1779489309271, 0.0025, 'dataforseo');
INSERT INTO serp_organic (id, snapshot_id, position, domain, url) VALUES ('6jhx6v8xvocjum7x9yf0f', 'yxrxn8hmsu748tkn6505g6', 1, 'acme.com', 'https://acme.com/');
INSERT INTO serp_organic (id, snapshot_id, position, domain) VALUES ('bj1dnurkg6uc4w54kk7dup', 'yxrxn8hmsu748tkn6505g6', 2, 'wikipedia.org');
INSERT INTO serp_ads (id, snapshot_id, position, advertiser_domain, title) VALUES ('z9230kbjzrq8sotff0j2oc', 'yxrxn8hmsu748tkn6505g6', 1, 'competitor-a.com', 'Buy Acme — better deals');
INSERT INTO serp_ads (id, snapshot_id, position, advertiser_domain, title) VALUES ('0qqvuikedc3l0t4t17qga17j', 'yxrxn8hmsu748tkn6505g6', 2, 'competitor-b.com', 'Acme alternatives');
INSERT INTO serp_snapshots (id, brand_term_id, query, country, language, device, fetched_at, cost_usd, source) VALUES ('19rh3mmo3kf82umdwzdhuf', 'wcu5e8d1hmcxy8uvp6z2e', 'acme', 'US', 'en', 'desktop', 1779402909271, 0.0025, 'dataforseo');
INSERT INTO serp_organic (id, snapshot_id, position, domain, url) VALUES ('x54p7d4d3nyxertq9bgj', '19rh3mmo3kf82umdwzdhuf', 1, 'acme.com', 'https://acme.com/');
INSERT INTO serp_organic (id, snapshot_id, position, domain) VALUES ('af8zs7f83avj5dqqftno08', '19rh3mmo3kf82umdwzdhuf', 2, 'wikipedia.org');
INSERT INTO serp_snapshots (id, brand_term_id, query, country, language, device, fetched_at, cost_usd, source) VALUES ('cc1xswmgz96uimxfocg4a', '5vgmm5i7iq3s6ws9sitnfr', 'acme shoes', 'US', 'en', 'desktop', 1779402909271, 0.0025, 'dataforseo');
INSERT INTO serp_organic (id, snapshot_id, position, domain, url) VALUES ('d8132kfdywo22d3ux2ypj', 'cc1xswmgz96uimxfocg4a', 1, 'acme.com', 'https://acme.com/');
INSERT INTO serp_organic (id, snapshot_id, position, domain) VALUES ('o0gna886izo8zb72qvu8', 'cc1xswmgz96uimxfocg4a', 2, 'wikipedia.org');
INSERT INTO serp_snapshots (id, brand_term_id, query, country, language, device, fetched_at, cost_usd, source) VALUES ('s61xys9baoantvf2n4hknk', '0cyvc0zy1vwqgppcvii360e', 'acme support', 'US', 'en', 'desktop', 1779402909271, 0.0025, 'dataforseo');
INSERT INTO serp_organic (id, snapshot_id, position, domain, url) VALUES ('k9tjdygzhrnfwgf154yg1f', 's61xys9baoantvf2n4hknk', 1, 'acme.com', 'https://acme.com/');
INSERT INTO serp_organic (id, snapshot_id, position, domain) VALUES ('6nj7hsklys2dj1hkjydtzq', 's61xys9baoantvf2n4hknk', 2, 'wikipedia.org');
INSERT INTO serp_snapshots (id, brand_term_id, query, country, language, device, fetched_at, cost_usd, source) VALUES ('p1js7va3ujlb7s6569l6er', '50nhbzxa7dsc6r24zuh5xi', 'buy acme', 'GB', 'en', 'desktop', 1779402909271, 0.0025, 'dataforseo');
INSERT INTO serp_organic (id, snapshot_id, position, domain, url) VALUES ('5flohlgkhn5wsvmtnzria', 'p1js7va3ujlb7s6569l6er', 1, 'acme.com', 'https://acme.com/');
INSERT INTO serp_organic (id, snapshot_id, position, domain) VALUES ('dadnrvvtw7wv7z4fge3qgi', 'p1js7va3ujlb7s6569l6er', 2, 'wikipedia.org');
INSERT INTO serp_ads (id, snapshot_id, position, advertiser_domain, title) VALUES ('wabfgzutzvdki4zagyt6aj', 'p1js7va3ujlb7s6569l6er', 1, 'competitor-a.com', 'Buy Acme — better deals');
INSERT INTO serp_ads (id, snapshot_id, position, advertiser_domain, title) VALUES ('76genbl5ebrrmkxhkl9ma', 'p1js7va3ujlb7s6569l6er', 2, 'competitor-b.com', 'Acme alternatives');
INSERT INTO serp_snapshots (id, brand_term_id, query, country, language, device, fetched_at, cost_usd, source) VALUES ('7o681hgy3ran2c26x58hta', 'wcu5e8d1hmcxy8uvp6z2e', 'acme', 'US', 'en', 'desktop', 1779316509271, 0.0025, 'dataforseo');
INSERT INTO serp_organic (id, snapshot_id, position, domain, url) VALUES ('e26hoq28aqxcifges7ho', '7o681hgy3ran2c26x58hta', 1, 'acme.com', 'https://acme.com/');
INSERT INTO serp_organic (id, snapshot_id, position, domain) VALUES ('r6uho50efsk1xqsz2at7uo', '7o681hgy3ran2c26x58hta', 2, 'wikipedia.org');
INSERT INTO serp_snapshots (id, brand_term_id, query, country, language, device, fetched_at, cost_usd, source) VALUES ('pdztb0lps62jbrffjxtoc', '5vgmm5i7iq3s6ws9sitnfr', 'acme shoes', 'US', 'en', 'desktop', 1779316509271, 0.0025, 'dataforseo');
INSERT INTO serp_organic (id, snapshot_id, position, domain, url) VALUES ('64plqa6e704mxw85l992ws', 'pdztb0lps62jbrffjxtoc', 1, 'acme.com', 'https://acme.com/');
INSERT INTO serp_organic (id, snapshot_id, position, domain) VALUES ('bjqyvsjluetga6bbxoyj9r', 'pdztb0lps62jbrffjxtoc', 2, 'wikipedia.org');
INSERT INTO serp_snapshots (id, brand_term_id, query, country, language, device, fetched_at, cost_usd, source) VALUES ('1l3qpc01c9lulx41776go', '0cyvc0zy1vwqgppcvii360e', 'acme support', 'US', 'en', 'desktop', 1779316509271, 0.0025, 'dataforseo');
INSERT INTO serp_organic (id, snapshot_id, position, domain, url) VALUES ('b5emo4nsvufksmx3v5oun', '1l3qpc01c9lulx41776go', 1, 'acme.com', 'https://acme.com/');
INSERT INTO serp_organic (id, snapshot_id, position, domain) VALUES ('lmtla3idfomcku0l28efm', '1l3qpc01c9lulx41776go', 2, 'wikipedia.org');
INSERT INTO serp_snapshots (id, brand_term_id, query, country, language, device, fetched_at, cost_usd, source) VALUES ('6ha16ctim3fq0l5lj19cvm', '50nhbzxa7dsc6r24zuh5xi', 'buy acme', 'GB', 'en', 'desktop', 1779316509271, 0.0025, 'dataforseo');
INSERT INTO serp_organic (id, snapshot_id, position, domain, url) VALUES ('vvx1mwgnci9z1749788lm', '6ha16ctim3fq0l5lj19cvm', 1, 'acme.com', 'https://acme.com/');
INSERT INTO serp_organic (id, snapshot_id, position, domain) VALUES ('bv774253m9sxopipbc67c', '6ha16ctim3fq0l5lj19cvm', 2, 'wikipedia.org');
INSERT INTO serp_ads (id, snapshot_id, position, advertiser_domain, title) VALUES ('bsz4kwabufn5czw89zy4c', '6ha16ctim3fq0l5lj19cvm', 1, 'competitor-a.com', 'Buy Acme — better deals');
INSERT INTO serp_ads (id, snapshot_id, position, advertiser_domain, title) VALUES ('gbqdpglfwubz0mn13pi4z', '6ha16ctim3fq0l5lj19cvm', 2, 'competitor-b.com', 'Acme alternatives');
INSERT INTO nklg_recommendations (id, brand_id, keyword, match_type, country, decision, reason, organic_position, organic_ctr, paid_competitor_density, paid_cost_micros, paid_clicks, savings_opportunity_micros, confidence, evaluated_at, status) VALUES ('qdd8yla6x994lhudwtqfa6', '32l2fvg2lsaf4530wtbklk', 'acme support', 'exact', 'US', 'add_negative', 'Organic ranks at ~1.0 with CTR 55.0%, and no paid competitors observed. Negative this keyword to save paid spend.', 1, 0.55, 0, 9500000, 47, 9500000, 0.82, 1779834909271, 'open');